STRUCTURE,STRUCTURE_ID,freq: Time frequency,unit: Unit of measure,sex: Sex,age: Age class,geo: Geopolitical entity (reporting),TIME_PERIOD: Time,OBS_VALUE: Observation value,OBS_FLAG: Observation status (Flag) V2 structure,CONF_STATUS: Confidentiality status (flag)
dataflow,ESTAT:DEMO_R_D2JAN(1.0),A: Annual,NR: Number,T: Total,TOTAL: Total,IT: Italy,2010,59690316,,
dataflow,ESTAT:DEMO_R_D2JAN(1.0),A: Annual,NR: Number,T: Total,TOTAL: Total,IT: Italy,2011,59948497,,
dataflow,ESTAT:DEMO_R_D2JAN(1.0),A: Annual,NR: Number,T: Total,TOTAL: Total,IT: Italy,2012,60105185,,
dataflow,ESTAT:DEMO_R_D2JAN(1.0),A: Annual,NR: Number,T: Total,TOTAL: Total,IT: Italy,2013,60277309,,
dataflow,ESTAT:DEMO_R_D2JAN(1.0),A: Annual,NR: Number,T: Total,TOTAL: Total,IT: Italy,2014,60345917,,
dataflow,ESTAT:DEMO_R_D2JAN(1.0),A: Annual,NR: Number,T: Total,TOTAL: Total,IT: Italy,2015,60295497,,
dataflow,ESTAT:DEMO_R_D2JAN(1.0),A: Annual,NR: Number,T: Total,TOTAL: Total,IT: Italy,2016,60163712,,
dataflow,ESTAT:DEMO_R_D2JAN(1.0),A: Annual,NR: Number,T: Total,TOTAL: Total,IT: Italy,2017,60066734,,
dataflow,ESTAT:DEMO_R_D2JAN(1.0),A: Annual,NR: Number,T: Total,TOTAL: Total,IT: Italy,2018,59937769,,
dataflow,ESTAT:DEMO_R_D2JAN(1.0),A: Annual,NR: Number,T: Total,TOTAL: Total,IT: Italy,2019,59816673,,
dataflow,ESTAT:DEMO_R_D2JAN(1.0),A: Annual,NR: Number,T: Total,TOTAL: Total,IT: Italy,2020,59641488,,
dataflow,ESTAT:DEMO_R_D2JAN(1.0),A: Annual,NR: Number,T: Total,TOTAL: Total,IT: Italy,2021,59236213,,
dataflow,ESTAT:DEMO_R_D2JAN(1.0),A: Annual,NR: Number,T: Total,TOTAL: Total,IT: Italy,2022,59030133,,
dataflow,ESTAT:DEMO_R_D2JAN(1.0),A: Annual,NR: Number,T: Total,TOTAL: Total,IT: Italy,2023,58997201,,
dataflow,ESTAT:DEMO_R_D2JAN(1.0),A: Annual,NR: Number,T: Total,TOTAL: Total,IT: Italy,2024,58971230,,
dataflow,ESTAT:DEMO_R_D2JAN(1.0),A: Annual,NR: Number,T: Total,TOTAL: Total,ITC: Nord-Ovest,2010,15790680,,
dataflow,ESTAT:DEMO_R_D2JAN(1.0),A: Annual,NR: Number,T: Total,TOTAL: Total,ITC: Nord-Ovest,2011,15876746,,
dataflow,ESTAT:DEMO_R_D2JAN(1.0),A: Annual,NR: Number,T: Total,TOTAL: Total,ITC: Nord-Ovest,2012,15945157,,
dataflow,ESTAT:DEMO_R_D2JAN(1.0),A: Annual,NR: Number,T: Total,TOTAL: Total,ITC: Nord-Ovest,2013,16018630,,
dataflow,ESTAT:DEMO_R_D2JAN(1.0),A: Annual,NR: Number,T: Total,TOTAL: Total,ITC: Nord-Ovest,2014,16059260,,
dataflow,ESTAT:DEMO_R_D2JAN(1.0),A: Annual,NR: Number,T: Total,TOTAL: Total,ITC: Nord-Ovest,2015,16055730,,
dataflow,ESTAT:DEMO_R_D2JAN(1.0),A: Annual,NR: Number,T: Total,TOTAL: Total,ITC: Nord-Ovest,2016,16027445,,
dataflow,ESTAT:DEMO_R_D2JAN(1.0),A: Annual,NR: Number,T: Total,TOTAL: Total,ITC: Nord-Ovest,2017,16018823,,
dataflow,ESTAT:DEMO_R_D2JAN(1.0),A: Annual,NR: Number,T: Total,TOTAL: Total,ITC: Nord-Ovest,2018,16004627,,
dataflow,ESTAT:DEMO_R_D2JAN(1.0),A: Annual,NR: Number,T: Total,TOTAL: Total,ITC: Nord-Ovest,2019,15998031,,
dataflow,ESTAT:DEMO_R_D2JAN(1.0),A: Annual,NR: Number,T: Total,TOTAL: Total,ITC: Nord-Ovest,2020,15988679,,
dataflow,ESTAT:DEMO_R_D2JAN(1.0),A: Annual,NR: Number,T: Total,TOTAL: Total,ITC: Nord-Ovest,2021,15899083,,
dataflow,ESTAT:DEMO_R_D2JAN(1.0),A: Annual,NR: Number,T: Total,TOTAL: Total,ITC: Nord-Ovest,2022,15831941,,
dataflow,ESTAT:DEMO_R_D2JAN(1.0),A: Annual,NR: Number,T: Total,TOTAL: Total,ITC: Nord-Ovest,2023,15858626,,
dataflow,ESTAT:DEMO_R_D2JAN(1.0),A: Annual,NR: Number,T: Total,TOTAL: Total,ITC: Nord-Ovest,2024,15895694,,
dataflow,ESTAT:DEMO_R_D2JAN(1.0),A: Annual,NR: Number,T: Total,TOTAL: Total,ITC1: Piemonte,2010,4401572,,
dataflow,ESTAT:DEMO_R_D2JAN(1.0),A: Annual,NR: Number,T: Total,TOTAL: Total,ITC1: Piemonte,2011,4410887,,
dataflow,ESTAT:DEMO_R_D2JAN(1.0),A: Annual,NR: Number,T: Total,TOTAL: Total,ITC1: Piemonte,2012,4416745,,
dataflow,ESTAT:DEMO_R_D2JAN(1.0),A: Annual,NR: Number,T: Total,TOTAL: Total,ITC1: Piemonte,2013,4425816,,
dataflow,ESTAT:DEMO_R_D2JAN(1.0),A: Annual,NR: Number,T: Total,TOTAL: Total,ITC1: Piemonte,2014,4420924,,
dataflow,ESTAT:DEMO_R_D2JAN(1.0),A: Annual,NR: Number,T: Total,TOTAL: Total,ITC1: Piemonte,2015,4403562,,
dataflow,ESTAT:DEMO_R_D2JAN(1.0),A: Annual,NR: Number,T: Total,TOTAL: Total,ITC1: Piemonte,2016,4384226,,
dataflow,ESTAT:DEMO_R_D2JAN(1.0),A: Annual,NR: Number,T: Total,TOTAL: Total,ITC1: Piemonte,2017,4370348,,
dataflow,ESTAT:DEMO_R_D2JAN(1.0),A: Annual,NR: Number,T: Total,TOTAL: Total,ITC1: Piemonte,2018,4349911,,
dataflow,ESTAT:DEMO_R_D2JAN(1.0),A: Annual,NR: Number,T: Total,TOTAL: Total,ITC1: Piemonte,2019,4328565,,
dataflow,ESTAT:DEMO_R_D2JAN(1.0),A: Annual,NR: Number,T: Total,TOTAL: Total,ITC1: Piemonte,2020,4311217,,
dataflow,ESTAT:DEMO_R_D2JAN(1.0),A: Annual,NR: Number,T: Total,TOTAL: Total,ITC1: Piemonte,2021,4274945,,
dataflow,ESTAT:DEMO_R_D2JAN(1.0),A: Annual,NR: Number,T: Total,TOTAL: Total,ITC1: Piemonte,2022,4256350,,
dataflow,ESTAT:DEMO_R_D2JAN(1.0),A: Annual,NR: Number,T: Total,TOTAL: Total,ITC1: Piemonte,2023,4251351,,
dataflow,ESTAT:DEMO_R_D2JAN(1.0),A: Annual,NR: Number,T: Total,TOTAL: Total,ITC1: Piemonte,2024,4251623,,
dataflow,ESTAT:DEMO_R_D2JAN(1.0),A: Annual,NR: Number,T: Total,TOTAL: Total,ITC2: Valle d’Aosta/Vallée d’Aoste,2010,126957,,
dataflow,ESTAT:DEMO_R_D2JAN(1.0),A: Annual,NR: Number,T: Total,TOTAL: Total,ITC2: Valle d’Aosta/Vallée d’Aoste,2011,127153,,
dataflow,ESTAT:DEMO_R_D2JAN(1.0),A: Annual,NR: Number,T: Total,TOTAL: Total,ITC2: Valle d’Aosta/Vallée d’Aoste,2012,127305,,
dataflow,ESTAT:DEMO_R_D2JAN(1.0),A: Annual,NR: Number,T: Total,TOTAL: Total,ITC2: Valle d’Aosta/Vallée d’Aoste,2013,127951,,
dataflow,ESTAT:DEMO_R_D2JAN(1.0),A: Annual,NR: Number,T: Total,TOTAL: Total,ITC2: Valle d’Aosta/Vallée d’Aoste,2014,128245,,
dataflow,ESTAT:DEMO_R_D2JAN(1.0),A: Annual,NR: Number,T: Total,TOTAL: Total,ITC2: Valle d’Aosta/Vallée d’Aoste,2015,127972,,
dataflow,ESTAT:DEMO_R_D2JAN(1.0),A: Annual,NR: Number,T: Total,TOTAL: Total,ITC2: Valle d’Aosta/Vallée d’Aoste,2016,127030,,
dataflow,ESTAT:DEMO_R_D2JAN(1.0),A: Annual,NR: Number,T: Total,TOTAL: Total,ITC2: Valle d’Aosta/Vallée d’Aoste,2017,126677,,
dataflow,ESTAT:DEMO_R_D2JAN(1.0),A: Annual,NR: Number,T: Total,TOTAL: Total,ITC2: Valle d’Aosta/Vallée d’Aoste,2018,126213,,
dataflow,ESTAT:DEMO_R_D2JAN(1.0),A: Annual,NR: Number,T: Total,TOTAL: Total,ITC2: Valle d’Aosta/Vallée d’Aoste,2019,125653,,
dataflow,ESTAT:DEMO_R_D2JAN(1.0),A: Annual,NR: Number,T: Total,TOTAL: Total,ITC2: Valle d’Aosta/Vallée d’Aoste,2020,125034,,
dataflow,ESTAT:DEMO_R_D2JAN(1.0),A: Annual,NR: Number,T: Total,TOTAL: Total,ITC2: Valle d’Aosta/Vallée d’Aoste,2021,124089,,
dataflow,ESTAT:DEMO_R_D2JAN(1.0),A: Annual,NR: Number,T: Total,TOTAL: Total,ITC2: Valle d’Aosta/Vallée d’Aoste,2022,123360,,
dataflow,ESTAT:DEMO_R_D2JAN(1.0),A: Annual,NR: Number,T: Total,TOTAL: Total,ITC2: Valle d’Aosta/Vallée d’Aoste,2023,123130,,
dataflow,ESTAT:DEMO_R_D2JAN(1.0),A: Annual,NR: Number,T: Total,TOTAL: Total,ITC2: Valle d’Aosta/Vallée d’Aoste,2024,122877,,
dataflow,ESTAT:DEMO_R_D2JAN(1.0),A: Annual,NR: Number,T: Total,TOTAL: Total,ITC3: Liguria,2010,1591537,,
dataflow,ESTAT:DEMO_R_D2JAN(1.0),A: Annual,NR: Number,T: Total,TOTAL: Total,ITC3: Liguria,2011,1592593,,
dataflow,ESTAT:DEMO_R_D2JAN(1.0),A: Annual,NR: Number,T: Total,TOTAL: Total,ITC3: Liguria,2012,1590096,,
dataflow,ESTAT:DEMO_R_D2JAN(1.0),A: Annual,NR: Number,T: Total,TOTAL: Total,ITC3: Liguria,2013,1587322,,
dataflow,ESTAT:DEMO_R_D2JAN(1.0),A: Annual,NR: Number,T: Total,TOTAL: Total,ITC3: Liguria,2014,1580322,,
dataflow,ESTAT:DEMO_R_D2JAN(1.0),A: Annual,NR: Number,T: Total,TOTAL: Total,ITC3: Liguria,2015,1569427,,
dataflow,ESTAT:DEMO_R_D2JAN(1.0),A: Annual,NR: Number,T: Total,TOTAL: Total,ITC3: Liguria,2016,1557742,,
dataflow,ESTAT:DEMO_R_D2JAN(1.0),A: Annual,NR: Number,T: Total,TOTAL: Total,ITC3: Liguria,2017,1551379,,
dataflow,ESTAT:DEMO_R_D2JAN(1.0),A: Annual,NR: Number,T: Total,TOTAL: Total,ITC3: Liguria,2018,1541541,,
dataflow,ESTAT:DEMO_R_D2JAN(1.0),A: Annual,NR: Number,T: Total,TOTAL: Total,ITC3: Liguria,2019,1532980,,
dataflow,ESTAT:DEMO_R_D2JAN(1.0),A: Annual,NR: Number,T: Total,TOTAL: Total,ITC3: Liguria,2020,1524826,,
dataflow,ESTAT:DEMO_R_D2JAN(1.0),A: Annual,NR: Number,T: Total,TOTAL: Total,ITC3: Liguria,2021,1518495,,
dataflow,ESTAT:DEMO_R_D2JAN(1.0),A: Annual,NR: Number,T: Total,TOTAL: Total,ITC3: Liguria,2022,1509227,,
dataflow,ESTAT:DEMO_R_D2JAN(1.0),A: Annual,NR: Number,T: Total,TOTAL: Total,ITC3: Liguria,2023,1507636,,
dataflow,ESTAT:DEMO_R_D2JAN(1.0),A: Annual,NR: Number,T: Total,TOTAL: Total,ITC3: Liguria,2024,1509140,,
dataflow,ESTAT:DEMO_R_D2JAN(1.0),A: Annual,NR: Number,T: Total,TOTAL: Total,ITC4: Lombardia,2010,9670614,,
dataflow,ESTAT:DEMO_R_D2JAN(1.0),A: Annual,NR: Number,T: Total,TOTAL: Total,ITC4: Lombardia,2011,9746113,,
dataflow,ESTAT:DEMO_R_D2JAN(1.0),A: Annual,NR: Number,T: Total,TOTAL: Total,ITC4: Lombardia,2012,9811011,,
dataflow,ESTAT:DEMO_R_D2JAN(1.0),A: Annual,NR: Number,T: Total,TOTAL: Total,ITC4: Lombardia,2013,9877541,,
dataflow,ESTAT:DEMO_R_D2JAN(1.0),A: Annual,NR: Number,T: Total,TOTAL: Total,ITC4: Lombardia,2014,9929769,,
dataflow,ESTAT:DEMO_R_D2JAN(1.0),A: Annual,NR: Number,T: Total,TOTAL: Total,ITC4: Lombardia,2015,9954769,,
dataflow,ESTAT:DEMO_R_D2JAN(1.0),A: Annual,NR: Number,T: Total,TOTAL: Total,ITC4: Lombardia,2016,9958447,,
dataflow,ESTAT:DEMO_R_D2JAN(1.0),A: Annual,NR: Number,T: Total,TOTAL: Total,ITC4: Lombardia,2017,9970419,,
dataflow,ESTAT:DEMO_R_D2JAN(1.0),A: Annual,NR: Number,T: Total,TOTAL: Total,ITC4: Lombardia,2018,9986962,,
dataflow,ESTAT:DEMO_R_D2JAN(1.0),A: Annual,NR: Number,T: Total,TOTAL: Total,ITC4: Lombardia,2019,10010833,,
dataflow,ESTAT:DEMO_R_D2JAN(1.0),A: Annual,NR: Number,T: Total,TOTAL: Total,ITC4: Lombardia,2020,10027602,,
dataflow,ESTAT:DEMO_R_D2JAN(1.0),A: Annual,NR: Number,T: Total,TOTAL: Total,ITC4: Lombardia,2021,9981554,,
dataflow,ESTAT:DEMO_R_D2JAN(1.0),A: Annual,NR: Number,T: Total,TOTAL: Total,ITC4: Lombardia,2022,9943004,,
dataflow,ESTAT:DEMO_R_D2JAN(1.0),A: Annual,NR: Number,T: Total,TOTAL: Total,ITC4: Lombardia,2023,9976509,,
dataflow,ESTAT:DEMO_R_D2JAN(1.0),A: Annual,NR: Number,T: Total,TOTAL: Total,ITC4: Lombardia,2024,10012054,,
dataflow,ESTAT:DEMO_R_D2JAN(1.0),A: Annual,NR: Number,T: Total,TOTAL: Total,ITF: Sud,2010,14095771,,
dataflow,ESTAT:DEMO_R_D2JAN(1.0),A: Annual,NR: Number,T: Total,TOTAL: Total,ITF: Sud,2011,14121260,,
dataflow,ESTAT:DEMO_R_D2JAN(1.0),A: Annual,NR: Number,T: Total,TOTAL: Total,ITF: Sud,2012,14123826,,
dataflow,ESTAT:DEMO_R_D2JAN(1.0),A: Annual,NR: Number,T: Total,TOTAL: Total,ITF: Sud,2013,14096931,,
dataflow,ESTAT:DEMO_R_D2JAN(1.0),A: Annual,NR: Number,T: Total,TOTAL: Total,ITF: Sud,2014,14067411,,
dataflow,ESTAT:DEMO_R_D2JAN(1.0),A: Annual,NR: Number,T: Total,TOTAL: Total,ITF: Sud,2015,14029842,,
dataflow,ESTAT:DEMO_R_D2JAN(1.0),A: Annual,NR: Number,T: Total,TOTAL: Total,ITF: Sud,2016,13976810,,
dataflow,ESTAT:DEMO_R_D2JAN(1.0),A: Annual,NR: Number,T: Total,TOTAL: Total,ITF: Sud,2017,13924553,,
dataflow,ESTAT:DEMO_R_D2JAN(1.0),A: Annual,NR: Number,T: Total,TOTAL: Total,ITF: Sud,2018,13863703,,
dataflow,ESTAT:DEMO_R_D2JAN(1.0),A: Annual,NR: Number,T: Total,TOTAL: Total,ITF: Sud,2019,13790862,,
dataflow,ESTAT:DEMO_R_D2JAN(1.0),A: Annual,NR: Number,T: Total,TOTAL: Total,ITF: Sud,2020,13707269,,
dataflow,ESTAT:DEMO_R_D2JAN(1.0),A: Annual,NR: Number,T: Total,TOTAL: Total,ITF: Sud,2021,13539074,,
dataflow,ESTAT:DEMO_R_D2JAN(1.0),A: Annual,NR: Number,T: Total,TOTAL: Total,ITF: Sud,2022,13512083,,
dataflow,ESTAT:DEMO_R_D2JAN(1.0),A: Annual,NR: Number,T: Total,TOTAL: Total,ITF: Sud,2023,13464669,,
dataflow,ESTAT:DEMO_R_D2JAN(1.0),A: Annual,NR: Number,T: Total,TOTAL: Total,ITF: Sud,2024,13415163,,
dataflow,ESTAT:DEMO_R_D2JAN(1.0),A: Annual,NR: Number,T: Total,TOTAL: Total,ITF1: Abruzzo,2010,1326015,,
dataflow,ESTAT:DEMO_R_D2JAN(1.0),A: Annual,NR: Number,T: Total,TOTAL: Total,ITF1: Abruzzo,2011,1329220,,
dataflow,ESTAT:DEMO_R_D2JAN(1.0),A: Annual,NR: Number,T: Total,TOTAL: Total,ITF1: Abruzzo,2012,1331624,,
dataflow,ESTAT:DEMO_R_D2JAN(1.0),A: Annual,NR: Number,T: Total,TOTAL: Total,ITF1: Abruzzo,2013,1332583,,
dataflow,ESTAT:DEMO_R_D2JAN(1.0),A: Annual,NR: Number,T: Total,TOTAL: Total,ITF1: Abruzzo,2014,1329918,,
dataflow,ESTAT:DEMO_R_D2JAN(1.0),A: Annual,NR: Number,T: Total,TOTAL: Total,ITF1: Abruzzo,2015,1325836,,
dataflow,ESTAT:DEMO_R_D2JAN(1.0),A: Annual,NR: Number,T: Total,TOTAL: Total,ITF1: Abruzzo,2016,1319294,,
dataflow,ESTAT:DEMO_R_D2JAN(1.0),A: Annual,NR: Number,T: Total,TOTAL: Total,ITF1: Abruzzo,2017,1313930,,
dataflow,ESTAT:DEMO_R_D2JAN(1.0),A: Annual,NR: Number,T: Total,TOTAL: Total,ITF1: Abruzzo,2018,1306059,,
dataflow,ESTAT:DEMO_R_D2JAN(1.0),A: Annual,NR: Number,T: Total,TOTAL: Total,ITF1: Abruzzo,2019,1300645,,
dataflow,ESTAT:DEMO_R_D2JAN(1.0),A: Annual,NR: Number,T: Total,TOTAL: Total,ITF1: Abruzzo,2020,1293941,,
dataflow,ESTAT:DEMO_R_D2JAN(1.0),A: Annual,NR: Number,T: Total,TOTAL: Total,ITF1: Abruzzo,2021,1281012,,
dataflow,ESTAT:DEMO_R_D2JAN(1.0),A: Annual,NR: Number,T: Total,TOTAL: Total,ITF1: Abruzzo,2022,1275950,,
dataflow,ESTAT:DEMO_R_D2JAN(1.0),A: Annual,NR: Number,T: Total,TOTAL: Total,ITF1: Abruzzo,2023,1272627,,
dataflow,ESTAT:DEMO_R_D2JAN(1.0),A: Annual,NR: Number,T: Total,TOTAL: Total,ITF1: Abruzzo,2024,1269571,,
dataflow,ESTAT:DEMO_R_D2JAN(1.0),A: Annual,NR: Number,T: Total,TOTAL: Total,ITF2: Molise,2010,315939,,
dataflow,ESTAT:DEMO_R_D2JAN(1.0),A: Annual,NR: Number,T: Total,TOTAL: Total,ITF2: Molise,2011,314816,,
dataflow,ESTAT:DEMO_R_D2JAN(1.0),A: Annual,NR: Number,T: Total,TOTAL: Total,ITF2: Molise,2012,313916,,
dataflow,ESTAT:DEMO_R_D2JAN(1.0),A: Annual,NR: Number,T: Total,TOTAL: Total,ITF2: Molise,2013,313408,,
dataflow,ESTAT:DEMO_R_D2JAN(1.0),A: Annual,NR: Number,T: Total,TOTAL: Total,ITF2: Molise,2014,312897,,
dataflow,ESTAT:DEMO_R_D2JAN(1.0),A: Annual,NR: Number,T: Total,TOTAL: Total,ITF2: Molise,2015,311398,,
dataflow,ESTAT:DEMO_R_D2JAN(1.0),A: Annual,NR: Number,T: Total,TOTAL: Total,ITF2: Molise,2016,310026,,
dataflow,ESTAT:DEMO_R_D2JAN(1.0),A: Annual,NR: Number,T: Total,TOTAL: Total,ITF2: Molise,2017,308400,,
dataflow,ESTAT:DEMO_R_D2JAN(1.0),A: Annual,NR: Number,T: Total,TOTAL: Total,ITF2: Molise,2018,306564,,
dataflow,ESTAT:DEMO_R_D2JAN(1.0),A: Annual,NR: Number,T: Total,TOTAL: Total,ITF2: Molise,2019,303790,,
dataflow,ESTAT:DEMO_R_D2JAN(1.0),A: Annual,NR: Number,T: Total,TOTAL: Total,ITF2: Molise,2020,300516,,
dataflow,ESTAT:DEMO_R_D2JAN(1.0),A: Annual,NR: Number,T: Total,TOTAL: Total,ITF2: Molise,2021,294294,,
dataflow,ESTAT:DEMO_R_D2JAN(1.0),A: Annual,NR: Number,T: Total,TOTAL: Total,ITF2: Molise,2022,292150,,
dataflow,ESTAT:DEMO_R_D2JAN(1.0),A: Annual,NR: Number,T: Total,TOTAL: Total,ITF2: Molise,2023,290636,,
dataflow,ESTAT:DEMO_R_D2JAN(1.0),A: Annual,NR: Number,T: Total,TOTAL: Total,ITF2: Molise,2024,289224,,
dataflow,ESTAT:DEMO_R_D2JAN(1.0),A: Annual,NR: Number,T: Total,TOTAL: Total,ITF3: Campania,2010,5807464,,
dataflow,ESTAT:DEMO_R_D2JAN(1.0),A: Annual,NR: Number,T: Total,TOTAL: Total,ITF3: Campania,2011,5822827,,
dataflow,ESTAT:DEMO_R_D2JAN(1.0),A: Annual,NR: Number,T: Total,TOTAL: Total,ITF3: Campania,2012,5827593,,
dataflow,ESTAT:DEMO_R_D2JAN(1.0),A: Annual,NR: Number,T: Total,TOTAL: Total,ITF3: Campania,2013,5820430,,
dataflow,ESTAT:DEMO_R_D2JAN(1.0),A: Annual,NR: Number,T: Total,TOTAL: Total,ITF3: Campania,2014,5812768,,
dataflow,ESTAT:DEMO_R_D2JAN(1.0),A: Annual,NR: Number,T: Total,TOTAL: Total,ITF3: Campania,2015,5804370,,
dataflow,ESTAT:DEMO_R_D2JAN(1.0),A: Annual,NR: Number,T: Total,TOTAL: Total,ITF3: Campania,2016,5790783,,
dataflow,ESTAT:DEMO_R_D2JAN(1.0),A: Annual,NR: Number,T: Total,TOTAL: Total,ITF3: Campania,2017,5776654,,
dataflow,ESTAT:DEMO_R_D2JAN(1.0),A: Annual,NR: Number,T: Total,TOTAL: Total,ITF3: Campania,2018,5762889,,
dataflow,ESTAT:DEMO_R_D2JAN(1.0),A: Annual,NR: Number,T: Total,TOTAL: Total,ITF3: Campania,2019,5740291,,
dataflow,ESTAT:DEMO_R_D2JAN(1.0),A: Annual,NR: Number,T: Total,TOTAL: Total,ITF3: Campania,2020,5712143,,
dataflow,ESTAT:DEMO_R_D2JAN(1.0),A: Annual,NR: Number,T: Total,TOTAL: Total,ITF3: Campania,2021,5624260,,
dataflow,ESTAT:DEMO_R_D2JAN(1.0),A: Annual,NR: Number,T: Total,TOTAL: Total,ITF3: Campania,2022,5624420,,
dataflow,ESTAT:DEMO_R_D2JAN(1.0),A: Annual,NR: Number,T: Total,TOTAL: Total,ITF3: Campania,2023,5609536,,
dataflow,ESTAT:DEMO_R_D2JAN(1.0),A: Annual,NR: Number,T: Total,TOTAL: Total,ITF3: Campania,2024,5593906,,
dataflow,ESTAT:DEMO_R_D2JAN(1.0),A: Annual,NR: Number,T: Total,TOTAL: Total,ITF4: Puglia,2010,4090111,,
dataflow,ESTAT:DEMO_R_D2JAN(1.0),A: Annual,NR: Number,T: Total,TOTAL: Total,ITF4: Puglia,2011,4101558,,
dataflow,ESTAT:DEMO_R_D2JAN(1.0),A: Annual,NR: Number,T: Total,TOTAL: Total,ITF4: Puglia,2012,4102797,,
dataflow,ESTAT:DEMO_R_D2JAN(1.0),A: Annual,NR: Number,T: Total,TOTAL: Total,ITF4: Puglia,2013,4090530,,
dataflow,ESTAT:DEMO_R_D2JAN(1.0),A: Annual,NR: Number,T: Total,TOTAL: Total,ITF4: Puglia,2014,4077788,,
dataflow,ESTAT:DEMO_R_D2JAN(1.0),A: Annual,NR: Number,T: Total,TOTAL: Total,ITF4: Puglia,2015,4063269,,
dataflow,ESTAT:DEMO_R_D2JAN(1.0),A: Annual,NR: Number,T: Total,TOTAL: Total,ITF4: Puglia,2016,4043735,,
dataflow,ESTAT:DEMO_R_D2JAN(1.0),A: Annual,NR: Number,T: Total,TOTAL: Total,ITF4: Puglia,2017,4024067,,
dataflow,ESTAT:DEMO_R_D2JAN(1.0),A: Annual,NR: Number,T: Total,TOTAL: Total,ITF4: Puglia,2018,4000966,,
dataflow,ESTAT:DEMO_R_D2JAN(1.0),A: Annual,NR: Number,T: Total,TOTAL: Total,ITF4: Puglia,2019,3975528,,
dataflow,ESTAT:DEMO_R_D2JAN(1.0),A: Annual,NR: Number,T: Total,TOTAL: Total,ITF4: Puglia,2020,3953305,,
dataflow,ESTAT:DEMO_R_D2JAN(1.0),A: Annual,NR: Number,T: Total,TOTAL: Total,ITF4: Puglia,2021,3933777,,
dataflow,ESTAT:DEMO_R_D2JAN(1.0),A: Annual,NR: Number,T: Total,TOTAL: Total,ITF4: Puglia,2022,3922941,,
dataflow,ESTAT:DEMO_R_D2JAN(1.0),A: Annual,NR: Number,T: Total,TOTAL: Total,ITF4: Puglia,2023,3907683,,
dataflow,ESTAT:DEMO_R_D2JAN(1.0),A: Annual,NR: Number,T: Total,TOTAL: Total,ITF4: Puglia,2024,3890661,,
dataflow,ESTAT:DEMO_R_D2JAN(1.0),A: Annual,NR: Number,T: Total,TOTAL: Total,ITF5: Basilicata,2010,582618,,
dataflow,ESTAT:DEMO_R_D2JAN(1.0),A: Annual,NR: Number,T: Total,TOTAL: Total,ITF5: Basilicata,2011,580790,,
dataflow,ESTAT:DEMO_R_D2JAN(1.0),A: Annual,NR: Number,T: Total,TOTAL: Total,ITF5: Basilicata,2012,579360,,
dataflow,ESTAT:DEMO_R_D2JAN(1.0),A: Annual,NR: Number,T: Total,TOTAL: Total,ITF5: Basilicata,2013,577550,,
dataflow,ESTAT:DEMO_R_D2JAN(1.0),A: Annual,NR: Number,T: Total,TOTAL: Total,ITF5: Basilicata,2014,575814,,
dataflow,ESTAT:DEMO_R_D2JAN(1.0),A: Annual,NR: Number,T: Total,TOTAL: Total,ITF5: Basilicata,2015,573236,,
dataflow,ESTAT:DEMO_R_D2JAN(1.0),A: Annual,NR: Number,T: Total,TOTAL: Total,ITF5: Basilicata,2016,569887,,
dataflow,ESTAT:DEMO_R_D2JAN(1.0),A: Annual,NR: Number,T: Total,TOTAL: Total,ITF5: Basilicata,2017,566405,,
dataflow,ESTAT:DEMO_R_D2JAN(1.0),A: Annual,NR: Number,T: Total,TOTAL: Total,ITF5: Basilicata,2018,562968,,
dataflow,ESTAT:DEMO_R_D2JAN(1.0),A: Annual,NR: Number,T: Total,TOTAL: Total,ITF5: Basilicata,2019,558587,,
dataflow,ESTAT:DEMO_R_D2JAN(1.0),A: Annual,NR: Number,T: Total,TOTAL: Total,ITF5: Basilicata,2020,553254,,
dataflow,ESTAT:DEMO_R_D2JAN(1.0),A: Annual,NR: Number,T: Total,TOTAL: Total,ITF5: Basilicata,2021,545130,,
dataflow,ESTAT:DEMO_R_D2JAN(1.0),A: Annual,NR: Number,T: Total,TOTAL: Total,ITF5: Basilicata,2022,541168,,
dataflow,ESTAT:DEMO_R_D2JAN(1.0),A: Annual,NR: Number,T: Total,TOTAL: Total,ITF5: Basilicata,2023,537577,,
dataflow,ESTAT:DEMO_R_D2JAN(1.0),A: Annual,NR: Number,T: Total,TOTAL: Total,ITF5: Basilicata,2024,533233,,
dataflow,ESTAT:DEMO_R_D2JAN(1.0),A: Annual,NR: Number,T: Total,TOTAL: Total,ITF6: Calabria,2010,1973624,,
dataflow,ESTAT:DEMO_R_D2JAN(1.0),A: Annual,NR: Number,T: Total,TOTAL: Total,ITF6: Calabria,2011,1972049,,
dataflow,ESTAT:DEMO_R_D2JAN(1.0),A: Annual,NR: Number,T: Total,TOTAL: Total,ITF6: Calabria,2012,1968536,,
dataflow,ESTAT:DEMO_R_D2JAN(1.0),A: Annual,NR: Number,T: Total,TOTAL: Total,ITF6: Calabria,2013,1962430,,
dataflow,ESTAT:DEMO_R_D2JAN(1.0),A: Annual,NR: Number,T: Total,TOTAL: Total,ITF6: Calabria,2014,1958226,,
dataflow,ESTAT:DEMO_R_D2JAN(1.0),A: Annual,NR: Number,T: Total,TOTAL: Total,ITF6: Calabria,2015,1951733,,
dataflow,ESTAT:DEMO_R_D2JAN(1.0),A: Annual,NR: Number,T: Total,TOTAL: Total,ITF6: Calabria,2016,1943085,,
dataflow,ESTAT:DEMO_R_D2JAN(1.0),A: Annual,NR: Number,T: Total,TOTAL: Total,ITF6: Calabria,2017,1935097,,
dataflow,ESTAT:DEMO_R_D2JAN(1.0),A: Annual,NR: Number,T: Total,TOTAL: Total,ITF6: Calabria,2018,1924257,,
dataflow,ESTAT:DEMO_R_D2JAN(1.0),A: Annual,NR: Number,T: Total,TOTAL: Total,ITF6: Calabria,2019,1912021,,
dataflow,ESTAT:DEMO_R_D2JAN(1.0),A: Annual,NR: Number,T: Total,TOTAL: Total,ITF6: Calabria,2020,1894110,,
dataflow,ESTAT:DEMO_R_D2JAN(1.0),A: Annual,NR: Number,T: Total,TOTAL: Total,ITF6: Calabria,2021,1860601,,
dataflow,ESTAT:DEMO_R_D2JAN(1.0),A: Annual,NR: Number,T: Total,TOTAL: Total,ITF6: Calabria,2022,1855454,,
dataflow,ESTAT:DEMO_R_D2JAN(1.0),A: Annual,NR: Number,T: Total,TOTAL: Total,ITF6: Calabria,2023,1846610,,
dataflow,ESTAT:DEMO_R_D2JAN(1.0),A: Annual,NR: Number,T: Total,TOTAL: Total,ITF6: Calabria,2024,1838568,,
dataflow,ESTAT:DEMO_R_D2JAN(1.0),A: Annual,NR: Number,T: Total,TOTAL: Total,ITG: Isole,2010,6697756,,
dataflow,ESTAT:DEMO_R_D2JAN(1.0),A: Annual,NR: Number,T: Total,TOTAL: Total,ITG: Isole,2011,6715315,,
dataflow,ESTAT:DEMO_R_D2JAN(1.0),A: Annual,NR: Number,T: Total,TOTAL: Total,ITG: Isole,2012,6717025,,
dataflow,ESTAT:DEMO_R_D2JAN(1.0),A: Annual,NR: Number,T: Total,TOTAL: Total,ITG: Isole,2013,6708123,,
dataflow,ESTAT:DEMO_R_D2JAN(1.0),A: Annual,NR: Number,T: Total,TOTAL: Total,ITG: Isole,2014,6694282,,
dataflow,ESTAT:DEMO_R_D2JAN(1.0),A: Annual,NR: Number,T: Total,TOTAL: Total,ITG: Isole,2015,6676908,,
dataflow,ESTAT:DEMO_R_D2JAN(1.0),A: Annual,NR: Number,T: Total,TOTAL: Total,ITG: Isole,2016,6646892,,
dataflow,ESTAT:DEMO_R_D2JAN(1.0),A: Annual,NR: Number,T: Total,TOTAL: Total,ITG: Isole,2017,6614739,,
dataflow,ESTAT:DEMO_R_D2JAN(1.0),A: Annual,NR: Number,T: Total,TOTAL: Total,ITG: Isole,2018,6573228,,
dataflow,ESTAT:DEMO_R_D2JAN(1.0),A: Annual,NR: Number,T: Total,TOTAL: Total,ITG: Isole,2019,6530805,,
dataflow,ESTAT:DEMO_R_D2JAN(1.0),A: Annual,NR: Number,T: Total,TOTAL: Total,ITG: Isole,2020,6486911,,
dataflow,ESTAT:DEMO_R_D2JAN(1.0),A: Annual,NR: Number,T: Total,TOTAL: Total,ITG: Isole,2021,6423749,,
dataflow,ESTAT:DEMO_R_D2JAN(1.0),A: Annual,NR: Number,T: Total,TOTAL: Total,ITG: Isole,2022,6420742,,
dataflow,ESTAT:DEMO_R_D2JAN(1.0),A: Annual,NR: Number,T: Total,TOTAL: Total,ITG: Isole,2023,6392162,,
dataflow,ESTAT:DEMO_R_D2JAN(1.0),A: Annual,NR: Number,T: Total,TOTAL: Total,ITG: Isole,2024,6367812,,
dataflow,ESTAT:DEMO_R_D2JAN(1.0),A: Annual,NR: Number,T: Total,TOTAL: Total,ITG1: Sicilia,2010,5044045,,
dataflow,ESTAT:DEMO_R_D2JAN(1.0),A: Annual,NR: Number,T: Total,TOTAL: Total,ITG1: Sicilia,2011,5059482,,
dataflow,ESTAT:DEMO_R_D2JAN(1.0),A: Annual,NR: Number,T: Total,TOTAL: Total,ITG1: Sicilia,2012,5061946,,
dataflow,ESTAT:DEMO_R_D2JAN(1.0),A: Annual,NR: Number,T: Total,TOTAL: Total,ITG1: Sicilia,2013,5053540,,
dataflow,ESTAT:DEMO_R_D2JAN(1.0),A: Annual,NR: Number,T: Total,TOTAL: Total,ITG1: Sicilia,2014,5041754,,
dataflow,ESTAT:DEMO_R_D2JAN(1.0),A: Annual,NR: Number,T: Total,TOTAL: Total,ITG1: Sicilia,2015,5028266,,
dataflow,ESTAT:DEMO_R_D2JAN(1.0),A: Annual,NR: Number,T: Total,TOTAL: Total,ITG1: Sicilia,2016,5004400,,
dataflow,ESTAT:DEMO_R_D2JAN(1.0),A: Annual,NR: Number,T: Total,TOTAL: Total,ITG1: Sicilia,2017,4977900,,
dataflow,ESTAT:DEMO_R_D2JAN(1.0),A: Annual,NR: Number,T: Total,TOTAL: Total,ITG1: Sicilia,2018,4942188,,
dataflow,ESTAT:DEMO_R_D2JAN(1.0),A: Annual,NR: Number,T: Total,TOTAL: Total,ITG1: Sicilia,2019,4908548,,
dataflow,ESTAT:DEMO_R_D2JAN(1.0),A: Annual,NR: Number,T: Total,TOTAL: Total,ITG1: Sicilia,2020,4875290,,
dataflow,ESTAT:DEMO_R_D2JAN(1.0),A: Annual,NR: Number,T: Total,TOTAL: Total,ITG1: Sicilia,2021,4833705,,
dataflow,ESTAT:DEMO_R_D2JAN(1.0),A: Annual,NR: Number,T: Total,TOTAL: Total,ITG1: Sicilia,2022,4833329,,
dataflow,ESTAT:DEMO_R_D2JAN(1.0),A: Annual,NR: Number,T: Total,TOTAL: Total,ITG1: Sicilia,2023,4814016,,
dataflow,ESTAT:DEMO_R_D2JAN(1.0),A: Annual,NR: Number,T: Total,TOTAL: Total,ITG1: Sicilia,2024,4797359,,
dataflow,ESTAT:DEMO_R_D2JAN(1.0),A: Annual,NR: Number,T: Total,TOTAL: Total,ITG2: Sardegna,2010,1653711,,
dataflow,ESTAT:DEMO_R_D2JAN(1.0),A: Annual,NR: Number,T: Total,TOTAL: Total,ITG2: Sardegna,2011,1655833,,
dataflow,ESTAT:DEMO_R_D2JAN(1.0),A: Annual,NR: Number,T: Total,TOTAL: Total,ITG2: Sardegna,2012,1655079,,
dataflow,ESTAT:DEMO_R_D2JAN(1.0),A: Annual,NR: Number,T: Total,TOTAL: Total,ITG2: Sardegna,2013,1654583,,
dataflow,ESTAT:DEMO_R_D2JAN(1.0),A: Annual,NR: Number,T: Total,TOTAL: Total,ITG2: Sardegna,2014,1652528,,
dataflow,ESTAT:DEMO_R_D2JAN(1.0),A: Annual,NR: Number,T: Total,TOTAL: Total,ITG2: Sardegna,2015,1648642,,
dataflow,ESTAT:DEMO_R_D2JAN(1.0),A: Annual,NR: Number,T: Total,TOTAL: Total,ITG2: Sardegna,2016,1642492,,
dataflow,ESTAT:DEMO_R_D2JAN(1.0),A: Annual,NR: Number,T: Total,TOTAL: Total,ITG2: Sardegna,2017,1636839,,
dataflow,ESTAT:DEMO_R_D2JAN(1.0),A: Annual,NR: Number,T: Total,TOTAL: Total,ITG2: Sardegna,2018,1631040,,
dataflow,ESTAT:DEMO_R_D2JAN(1.0),A: Annual,NR: Number,T: Total,TOTAL: Total,ITG2: Sardegna,2019,1622257,,
dataflow,ESTAT:DEMO_R_D2JAN(1.0),A: Annual,NR: Number,T: Total,TOTAL: Total,ITG2: Sardegna,2020,1611621,,
dataflow,ESTAT:DEMO_R_D2JAN(1.0),A: Annual,NR: Number,T: Total,TOTAL: Total,ITG2: Sardegna,2021,1590044,,
dataflow,ESTAT:DEMO_R_D2JAN(1.0),A: Annual,NR: Number,T: Total,TOTAL: Total,ITG2: Sardegna,2022,1587413,,
dataflow,ESTAT:DEMO_R_D2JAN(1.0),A: Annual,NR: Number,T: Total,TOTAL: Total,ITG2: Sardegna,2023,1578146,,
dataflow,ESTAT:DEMO_R_D2JAN(1.0),A: Annual,NR: Number,T: Total,TOTAL: Total,ITG2: Sardegna,2024,1570453,,
dataflow,ESTAT:DEMO_R_D2JAN(1.0),A: Annual,NR: Number,T: Total,TOTAL: Total,ITH: Nord-Est,2010,11451754,,
dataflow,ESTAT:DEMO_R_D2JAN(1.0),A: Annual,NR: Number,T: Total,TOTAL: Total,ITH: Nord-Est,2011,11506801,,
dataflow,ESTAT:DEMO_R_D2JAN(1.0),A: Annual,NR: Number,T: Total,TOTAL: Total,ITH: Nord-Est,2012,11539519,,
dataflow,ESTAT:DEMO_R_D2JAN(1.0),A: Annual,NR: Number,T: Total,TOTAL: Total,ITH: Nord-Est,2013,11586914,,
dataflow,ESTAT:DEMO_R_D2JAN(1.0),A: Annual,NR: Number,T: Total,TOTAL: Total,ITH: Nord-Est,2014,11615139,,
dataflow,ESTAT:DEMO_R_D2JAN(1.0),A: Annual,NR: Number,T: Total,TOTAL: Total,ITH: Nord-Est,2015,11614917,,
dataflow,ESTAT:DEMO_R_D2JAN(1.0),A: Annual,NR: Number,T: Total,TOTAL: Total,ITH: Nord-Est,2016,11602101,,
dataflow,ESTAT:DEMO_R_D2JAN(1.0),A: Annual,NR: Number,T: Total,TOTAL: Total,ITH: Nord-Est,2017,11599684,,
dataflow,ESTAT:DEMO_R_D2JAN(1.0),A: Annual,NR: Number,T: Total,TOTAL: Total,ITH: Nord-Est,2018,11606749,,
dataflow,ESTAT:DEMO_R_D2JAN(1.0),A: Annual,NR: Number,T: Total,TOTAL: Total,ITH: Nord-Est,2019,11628491,,
dataflow,ESTAT:DEMO_R_D2JAN(1.0),A: Annual,NR: Number,T: Total,TOTAL: Total,ITH: Nord-Est,2020,11627537,,
dataflow,ESTAT:DEMO_R_D2JAN(1.0),A: Annual,NR: Number,T: Total,TOTAL: Total,ITH: Nord-Est,2021,11587355,,
dataflow,ESTAT:DEMO_R_D2JAN(1.0),A: Annual,NR: Number,T: Total,TOTAL: Total,ITH: Nord-Est,2022,11541332,,
dataflow,ESTAT:DEMO_R_D2JAN(1.0),A: Annual,NR: Number,T: Total,TOTAL: Total,ITH: Nord-Est,2023,11558522,,
dataflow,ESTAT:DEMO_R_D2JAN(1.0),A: Annual,NR: Number,T: Total,TOTAL: Total,ITH: Nord-Est,2024,11581472,,
dataflow,ESTAT:DEMO_R_D2JAN(1.0),A: Annual,NR: Number,T: Total,TOTAL: Total,ITH1: Provincia Autonoma di Bolzano/Bozen,2010,500450,,
dataflow,ESTAT:DEMO_R_D2JAN(1.0),A: Annual,NR: Number,T: Total,TOTAL: Total,ITH1: Provincia Autonoma di Bolzano/Bozen,2011,504406,,
dataflow,ESTAT:DEMO_R_D2JAN(1.0),A: Annual,NR: Number,T: Total,TOTAL: Total,ITH1: Provincia Autonoma di Bolzano/Bozen,2012,507989,,
dataflow,ESTAT:DEMO_R_D2JAN(1.0),A: Annual,NR: Number,T: Total,TOTAL: Total,ITH1: Provincia Autonoma di Bolzano/Bozen,2013,511619,,
dataflow,ESTAT:DEMO_R_D2JAN(1.0),A: Annual,NR: Number,T: Total,TOTAL: Total,ITH1: Provincia Autonoma di Bolzano/Bozen,2014,515389,,
dataflow,ESTAT:DEMO_R_D2JAN(1.0),A: Annual,NR: Number,T: Total,TOTAL: Total,ITH1: Provincia Autonoma di Bolzano/Bozen,2015,517994,,
dataflow,ESTAT:DEMO_R_D2JAN(1.0),A: Annual,NR: Number,T: Total,TOTAL: Total,ITH1: Provincia Autonoma di Bolzano/Bozen,2016,520252,,
dataflow,ESTAT:DEMO_R_D2JAN(1.0),A: Annual,NR: Number,T: Total,TOTAL: Total,ITH1: Provincia Autonoma di Bolzano/Bozen,2017,523454,,
dataflow,ESTAT:DEMO_R_D2JAN(1.0),A: Annual,NR: Number,T: Total,TOTAL: Total,ITH1: Provincia Autonoma di Bolzano/Bozen,2018,526772,,
dataflow,ESTAT:DEMO_R_D2JAN(1.0),A: Annual,NR: Number,T: Total,TOTAL: Total,ITH1: Provincia Autonoma di Bolzano/Bozen,2019,530313,,
dataflow,ESTAT:DEMO_R_D2JAN(1.0),A: Annual,NR: Number,T: Total,TOTAL: Total,ITH1: Provincia Autonoma di Bolzano/Bozen,2020,532644,,
dataflow,ESTAT:DEMO_R_D2JAN(1.0),A: Annual,NR: Number,T: Total,TOTAL: Total,ITH1: Provincia Autonoma di Bolzano/Bozen,2021,534912,,
dataflow,ESTAT:DEMO_R_D2JAN(1.0),A: Annual,NR: Number,T: Total,TOTAL: Total,ITH1: Provincia Autonoma di Bolzano/Bozen,2022,532616,,
dataflow,ESTAT:DEMO_R_D2JAN(1.0),A: Annual,NR: Number,T: Total,TOTAL: Total,ITH1: Provincia Autonoma di Bolzano/Bozen,2023,534147,,
dataflow,ESTAT:DEMO_R_D2JAN(1.0),A: Annual,NR: Number,T: Total,TOTAL: Total,ITH1: Provincia Autonoma di Bolzano/Bozen,2024,537533,,
dataflow,ESTAT:DEMO_R_D2JAN(1.0),A: Annual,NR: Number,T: Total,TOTAL: Total,ITH2: Provincia Autonoma di Trento,2010,521531,,
dataflow,ESTAT:DEMO_R_D2JAN(1.0),A: Annual,NR: Number,T: Total,TOTAL: Total,ITH2: Provincia Autonoma di Trento,2011,525833,,
dataflow,ESTAT:DEMO_R_D2JAN(1.0),A: Annual,NR: Number,T: Total,TOTAL: Total,ITH2: Provincia Autonoma di Trento,2012,529246,,
dataflow,ESTAT:DEMO_R_D2JAN(1.0),A: Annual,NR: Number,T: Total,TOTAL: Total,ITH2: Provincia Autonoma di Trento,2013,533435,,
dataflow,ESTAT:DEMO_R_D2JAN(1.0),A: Annual,NR: Number,T: Total,TOTAL: Total,ITH2: Provincia Autonoma di Trento,2014,536813,,
dataflow,ESTAT:DEMO_R_D2JAN(1.0),A: Annual,NR: Number,T: Total,TOTAL: Total,ITH2: Provincia Autonoma di Trento,2015,538188,,
dataflow,ESTAT:DEMO_R_D2JAN(1.0),A: Annual,NR: Number,T: Total,TOTAL: Total,ITH2: Provincia Autonoma di Trento,2016,539513,,
dataflow,ESTAT:DEMO_R_D2JAN(1.0),A: Annual,NR: Number,T: Total,TOTAL: Total,ITH2: Provincia Autonoma di Trento,2017,540280,,
dataflow,ESTAT:DEMO_R_D2JAN(1.0),A: Annual,NR: Number,T: Total,TOTAL: Total,ITH2: Provincia Autonoma di Trento,2018,541966,,
dataflow,ESTAT:DEMO_R_D2JAN(1.0),A: Annual,NR: Number,T: Total,TOTAL: Total,ITH2: Provincia Autonoma di Trento,2019,543721,,
dataflow,ESTAT:DEMO_R_D2JAN(1.0),A: Annual,NR: Number,T: Total,TOTAL: Total,ITH2: Provincia Autonoma di Trento,2020,545425,,
dataflow,ESTAT:DEMO_R_D2JAN(1.0),A: Annual,NR: Number,T: Total,TOTAL: Total,ITH2: Provincia Autonoma di Trento,2021,542166,,
dataflow,ESTAT:DEMO_R_D2JAN(1.0),A: Annual,NR: Number,T: Total,TOTAL: Total,ITH2: Provincia Autonoma di Trento,2022,540958,,
dataflow,ESTAT:DEMO_R_D2JAN(1.0),A: Annual,NR: Number,T: Total,TOTAL: Total,ITH2: Provincia Autonoma di Trento,2023,542996,,
dataflow,ESTAT:DEMO_R_D2JAN(1.0),A: Annual,NR: Number,T: Total,TOTAL: Total,ITH2: Provincia Autonoma di Trento,2024,545169,,
dataflow,ESTAT:DEMO_R_D2JAN(1.0),A: Annual,NR: Number,T: Total,TOTAL: Total,ITH3: Veneto,2010,4863372,,
dataflow,ESTAT:DEMO_R_D2JAN(1.0),A: Annual,NR: Number,T: Total,TOTAL: Total,ITH3: Veneto,2011,4879606,,
dataflow,ESTAT:DEMO_R_D2JAN(1.0),A: Annual,NR: Number,T: Total,TOTAL: Total,ITH3: Veneto,2012,4887328,,
dataflow,ESTAT:DEMO_R_D2JAN(1.0),A: Annual,NR: Number,T: Total,TOTAL: Total,ITH3: Veneto,2013,4901415,,
dataflow,ESTAT:DEMO_R_D2JAN(1.0),A: Annual,NR: Number,T: Total,TOTAL: Total,ITH3: Veneto,2014,4905712,,
dataflow,ESTAT:DEMO_R_D2JAN(1.0),A: Annual,NR: Number,T: Total,TOTAL: Total,ITH3: Veneto,2015,4902694,,
dataflow,ESTAT:DEMO_R_D2JAN(1.0),A: Annual,NR: Number,T: Total,TOTAL: Total,ITH3: Veneto,2016,4890648,,
dataflow,ESTAT:DEMO_R_D2JAN(1.0),A: Annual,NR: Number,T: Total,TOTAL: Total,ITH3: Veneto,2017,4883373,,
dataflow,ESTAT:DEMO_R_D2JAN(1.0),A: Annual,NR: Number,T: Total,TOTAL: Total,ITH3: Veneto,2018,4880936,,
dataflow,ESTAT:DEMO_R_D2JAN(1.0),A: Annual,NR: Number,T: Total,TOTAL: Total,ITH3: Veneto,2019,4884590,,
dataflow,ESTAT:DEMO_R_D2JAN(1.0),A: Annual,NR: Number,T: Total,TOTAL: Total,ITH3: Veneto,2020,4879133,,
dataflow,ESTAT:DEMO_R_D2JAN(1.0),A: Annual,NR: Number,T: Total,TOTAL: Total,ITH3: Veneto,2021,4869830,,
dataflow,ESTAT:DEMO_R_D2JAN(1.0),A: Annual,NR: Number,T: Total,TOTAL: Total,ITH3: Veneto,2022,4847745,,
dataflow,ESTAT:DEMO_R_D2JAN(1.0),A: Annual,NR: Number,T: Total,TOTAL: Total,ITH3: Veneto,2023,4849553,,
dataflow,ESTAT:DEMO_R_D2JAN(1.0),A: Annual,NR: Number,T: Total,TOTAL: Total,ITH3: Veneto,2024,4852216,,
dataflow,ESTAT:DEMO_R_D2JAN(1.0),A: Annual,NR: Number,T: Total,TOTAL: Total,ITH4: Friuli-Venezia Giulia,2010,1225910,,
dataflow,ESTAT:DEMO_R_D2JAN(1.0),A: Annual,NR: Number,T: Total,TOTAL: Total,ITH4: Friuli-Venezia Giulia,2011,1225361,,
dataflow,ESTAT:DEMO_R_D2JAN(1.0),A: Annual,NR: Number,T: Total,TOTAL: Total,ITH4: Friuli-Venezia Giulia,2012,1223642,,
dataflow,ESTAT:DEMO_R_D2JAN(1.0),A: Annual,NR: Number,T: Total,TOTAL: Total,ITH4: Friuli-Venezia Giulia,2013,1224987,,
dataflow,ESTAT:DEMO_R_D2JAN(1.0),A: Annual,NR: Number,T: Total,TOTAL: Total,ITH4: Friuli-Venezia Giulia,2014,1224984,,
dataflow,ESTAT:DEMO_R_D2JAN(1.0),A: Annual,NR: Number,T: Total,TOTAL: Total,ITH4: Friuli-Venezia Giulia,2015,1221664,,
dataflow,ESTAT:DEMO_R_D2JAN(1.0),A: Annual,NR: Number,T: Total,TOTAL: Total,ITH4: Friuli-Venezia Giulia,2016,1216208,,
dataflow,ESTAT:DEMO_R_D2JAN(1.0),A: Annual,NR: Number,T: Total,TOTAL: Total,ITH4: Friuli-Venezia Giulia,2017,1212809,,
dataflow,ESTAT:DEMO_R_D2JAN(1.0),A: Annual,NR: Number,T: Total,TOTAL: Total,ITH4: Friuli-Venezia Giulia,2018,1211155,,
dataflow,ESTAT:DEMO_R_D2JAN(1.0),A: Annual,NR: Number,T: Total,TOTAL: Total,ITH4: Friuli-Venezia Giulia,2019,1210414,,
dataflow,ESTAT:DEMO_R_D2JAN(1.0),A: Annual,NR: Number,T: Total,TOTAL: Total,ITH4: Friuli-Venezia Giulia,2020,1206216,,
dataflow,ESTAT:DEMO_R_D2JAN(1.0),A: Annual,NR: Number,T: Total,TOTAL: Total,ITH4: Friuli-Venezia Giulia,2021,1201510,,
dataflow,ESTAT:DEMO_R_D2JAN(1.0),A: Annual,NR: Number,T: Total,TOTAL: Total,ITH4: Friuli-Venezia Giulia,2022,1194647,,
dataflow,ESTAT:DEMO_R_D2JAN(1.0),A: Annual,NR: Number,T: Total,TOTAL: Total,ITH4: Friuli-Venezia Giulia,2023,1194248,,
dataflow,ESTAT:DEMO_R_D2JAN(1.0),A: Annual,NR: Number,T: Total,TOTAL: Total,ITH4: Friuli-Venezia Giulia,2024,1194616,,
dataflow,ESTAT:DEMO_R_D2JAN(1.0),A: Annual,NR: Number,T: Total,TOTAL: Total,ITH5: Emilia-Romagna,2010,4340491,,
dataflow,ESTAT:DEMO_R_D2JAN(1.0),A: Annual,NR: Number,T: Total,TOTAL: Total,ITH5: Emilia-Romagna,2011,4371595,,
dataflow,ESTAT:DEMO_R_D2JAN(1.0),A: Annual,NR: Number,T: Total,TOTAL: Total,ITH5: Emilia-Romagna,2012,4391314,,
dataflow,ESTAT:DEMO_R_D2JAN(1.0),A: Annual,NR: Number,T: Total,TOTAL: Total,ITH5: Emilia-Romagna,2013,4415458,,
dataflow,ESTAT:DEMO_R_D2JAN(1.0),A: Annual,NR: Number,T: Total,TOTAL: Total,ITH5: Emilia-Romagna,2014,4432241,,
dataflow,ESTAT:DEMO_R_D2JAN(1.0),A: Annual,NR: Number,T: Total,TOTAL: Total,ITH5: Emilia-Romagna,2015,4434377,,
dataflow,ESTAT:DEMO_R_D2JAN(1.0),A: Annual,NR: Number,T: Total,TOTAL: Total,ITH5: Emilia-Romagna,2016,4435480,,
dataflow,ESTAT:DEMO_R_D2JAN(1.0),A: Annual,NR: Number,T: Total,TOTAL: Total,ITH5: Emilia-Romagna,2017,4439768,,
dataflow,ESTAT:DEMO_R_D2JAN(1.0),A: Annual,NR: Number,T: Total,TOTAL: Total,ITH5: Emilia-Romagna,2018,4445920,,
dataflow,ESTAT:DEMO_R_D2JAN(1.0),A: Annual,NR: Number,T: Total,TOTAL: Total,ITH5: Emilia-Romagna,2019,4459453,,
dataflow,ESTAT:DEMO_R_D2JAN(1.0),A: Annual,NR: Number,T: Total,TOTAL: Total,ITH5: Emilia-Romagna,2020,4464119,,
dataflow,ESTAT:DEMO_R_D2JAN(1.0),A: Annual,NR: Number,T: Total,TOTAL: Total,ITH5: Emilia-Romagna,2021,4438937,,
dataflow,ESTAT:DEMO_R_D2JAN(1.0),A: Annual,NR: Number,T: Total,TOTAL: Total,ITH5: Emilia-Romagna,2022,4425366,,
dataflow,ESTAT:DEMO_R_D2JAN(1.0),A: Annual,NR: Number,T: Total,TOTAL: Total,ITH5: Emilia-Romagna,2023,4437578,,
dataflow,ESTAT:DEMO_R_D2JAN(1.0),A: Annual,NR: Number,T: Total,TOTAL: Total,ITH5: Emilia-Romagna,2024,4451938,,
dataflow,ESTAT:DEMO_R_D2JAN(1.0),A: Annual,NR: Number,T: Total,TOTAL: Total,ITI: Centro (IT),2010,11654355,,
dataflow,ESTAT:DEMO_R_D2JAN(1.0),A: Annual,NR: Number,T: Total,TOTAL: Total,ITI: Centro (IT),2011,11728375,,
dataflow,ESTAT:DEMO_R_D2JAN(1.0),A: Annual,NR: Number,T: Total,TOTAL: Total,ITI: Centro (IT),2012,11779658,,
dataflow,ESTAT:DEMO_R_D2JAN(1.0),A: Annual,NR: Number,T: Total,TOTAL: Total,ITI: Centro (IT),2013,11866711,,
dataflow,ESTAT:DEMO_R_D2JAN(1.0),A: Annual,NR: Number,T: Total,TOTAL: Total,ITI: Centro (IT),2014,11909825,,
dataflow,ESTAT:DEMO_R_D2JAN(1.0),A: Annual,NR: Number,T: Total,TOTAL: Total,ITI: Centro (IT),2015,11918100,,
dataflow,ESTAT:DEMO_R_D2JAN(1.0),A: Annual,NR: Number,T: Total,TOTAL: Total,ITI: Centro (IT),2016,11910464,,
dataflow,ESTAT:DEMO_R_D2JAN(1.0),A: Annual,NR: Number,T: Total,TOTAL: Total,ITI: Centro (IT),2017,11908935,,
dataflow,ESTAT:DEMO_R_D2JAN(1.0),A: Annual,NR: Number,T: Total,TOTAL: Total,ITI: Centro (IT),2018,11889462,,
dataflow,ESTAT:DEMO_R_D2JAN(1.0),A: Annual,NR: Number,T: Total,TOTAL: Total,ITI: Centro (IT),2019,11868484,,
dataflow,ESTAT:DEMO_R_D2JAN(1.0),A: Annual,NR: Number,T: Total,TOTAL: Total,ITI: Centro (IT),2020,11831092,,
dataflow,ESTAT:DEMO_R_D2JAN(1.0),A: Annual,NR: Number,T: Total,TOTAL: Total,ITI: Centro (IT),2021,11786952,,
dataflow,ESTAT:DEMO_R_D2JAN(1.0),A: Annual,NR: Number,T: Total,TOTAL: Total,ITI: Centro (IT),2022,11724035,,
dataflow,ESTAT:DEMO_R_D2JAN(1.0),A: Annual,NR: Number,T: Total,TOTAL: Total,ITI: Centro (IT),2023,11723222,,
dataflow,ESTAT:DEMO_R_D2JAN(1.0),A: Annual,NR: Number,T: Total,TOTAL: Total,ITI: Centro (IT),2024,11711089,,
dataflow,ESTAT:DEMO_R_D2JAN(1.0),A: Annual,NR: Number,T: Total,TOTAL: Total,ITI1: Toscana,2010,3706592,,
dataflow,ESTAT:DEMO_R_D2JAN(1.0),A: Annual,NR: Number,T: Total,TOTAL: Total,ITI1: Toscana,2011,3726263,,
dataflow,ESTAT:DEMO_R_D2JAN(1.0),A: Annual,NR: Number,T: Total,TOTAL: Total,ITI1: Toscana,2012,3733535,,
dataflow,ESTAT:DEMO_R_D2JAN(1.0),A: Annual,NR: Number,T: Total,TOTAL: Total,ITI1: Toscana,2013,3743537,,
dataflow,ESTAT:DEMO_R_D2JAN(1.0),A: Annual,NR: Number,T: Total,TOTAL: Total,ITI1: Toscana,2014,3744293,,
dataflow,ESTAT:DEMO_R_D2JAN(1.0),A: Annual,NR: Number,T: Total,TOTAL: Total,ITI1: Toscana,2015,3739044,,
dataflow,ESTAT:DEMO_R_D2JAN(1.0),A: Annual,NR: Number,T: Total,TOTAL: Total,ITI1: Toscana,2016,3726422,,
dataflow,ESTAT:DEMO_R_D2JAN(1.0),A: Annual,NR: Number,T: Total,TOTAL: Total,ITI1: Toscana,2017,3721391,,
dataflow,ESTAT:DEMO_R_D2JAN(1.0),A: Annual,NR: Number,T: Total,TOTAL: Total,ITI1: Toscana,2018,3712048,,
dataflow,ESTAT:DEMO_R_D2JAN(1.0),A: Annual,NR: Number,T: Total,TOTAL: Total,ITI1: Toscana,2019,3701343,,
dataflow,ESTAT:DEMO_R_D2JAN(1.0),A: Annual,NR: Number,T: Total,TOTAL: Total,ITI1: Toscana,2020,3692555,,
dataflow,ESTAT:DEMO_R_D2JAN(1.0),A: Annual,NR: Number,T: Total,TOTAL: Total,ITI1: Toscana,2021,3692865,,
dataflow,ESTAT:DEMO_R_D2JAN(1.0),A: Annual,NR: Number,T: Total,TOTAL: Total,ITI1: Toscana,2022,3663191,,
dataflow,ESTAT:DEMO_R_D2JAN(1.0),A: Annual,NR: Number,T: Total,TOTAL: Total,ITI1: Toscana,2023,3661981,,
dataflow,ESTAT:DEMO_R_D2JAN(1.0),A: Annual,NR: Number,T: Total,TOTAL: Total,ITI1: Toscana,2024,3660530,,
dataflow,ESTAT:DEMO_R_D2JAN(1.0),A: Annual,NR: Number,T: Total,TOTAL: Total,ITI2: Umbria,2010,884937,,
dataflow,ESTAT:DEMO_R_D2JAN(1.0),A: Annual,NR: Number,T: Total,TOTAL: Total,ITI2: Umbria,2011,889450,,
dataflow,ESTAT:DEMO_R_D2JAN(1.0),A: Annual,NR: Number,T: Total,TOTAL: Total,ITI2: Umbria,2012,890407,,
dataflow,ESTAT:DEMO_R_D2JAN(1.0),A: Annual,NR: Number,T: Total,TOTAL: Total,ITI2: Umbria,2013,892742,,
dataflow,ESTAT:DEMO_R_D2JAN(1.0),A: Annual,NR: Number,T: Total,TOTAL: Total,ITI2: Umbria,2014,892099,,
dataflow,ESTAT:DEMO_R_D2JAN(1.0),A: Annual,NR: Number,T: Total,TOTAL: Total,ITI2: Umbria,2015,888288,,
dataflow,ESTAT:DEMO_R_D2JAN(1.0),A: Annual,NR: Number,T: Total,TOTAL: Total,ITI2: Umbria,2016,884092,,
dataflow,ESTAT:DEMO_R_D2JAN(1.0),A: Annual,NR: Number,T: Total,TOTAL: Total,ITI2: Umbria,2017,880992,,
dataflow,ESTAT:DEMO_R_D2JAN(1.0),A: Annual,NR: Number,T: Total,TOTAL: Total,ITI2: Umbria,2018,876477,,
dataflow,ESTAT:DEMO_R_D2JAN(1.0),A: Annual,NR: Number,T: Total,TOTAL: Total,ITI2: Umbria,2019,873744,,
dataflow,ESTAT:DEMO_R_D2JAN(1.0),A: Annual,NR: Number,T: Total,TOTAL: Total,ITI2: Umbria,2020,870165,,
dataflow,ESTAT:DEMO_R_D2JAN(1.0),A: Annual,NR: Number,T: Total,TOTAL: Total,ITI2: Umbria,2021,865452,,
dataflow,ESTAT:DEMO_R_D2JAN(1.0),A: Annual,NR: Number,T: Total,TOTAL: Total,ITI2: Umbria,2022,858812,,
dataflow,ESTAT:DEMO_R_D2JAN(1.0),A: Annual,NR: Number,T: Total,TOTAL: Total,ITI2: Umbria,2023,856407,,
dataflow,ESTAT:DEMO_R_D2JAN(1.0),A: Annual,NR: Number,T: Total,TOTAL: Total,ITI2: Umbria,2024,853068,,
dataflow,ESTAT:DEMO_R_D2JAN(1.0),A: Annual,NR: Number,T: Total,TOTAL: Total,ITI3: Marche,2010,1546800,,
dataflow,ESTAT:DEMO_R_D2JAN(1.0),A: Annual,NR: Number,T: Total,TOTAL: Total,ITI3: Marche,2011,1549616,,
dataflow,ESTAT:DEMO_R_D2JAN(1.0),A: Annual,NR: Number,T: Total,TOTAL: Total,ITI3: Marche,2012,1550010,,
dataflow,ESTAT:DEMO_R_D2JAN(1.0),A: Annual,NR: Number,T: Total,TOTAL: Total,ITI3: Marche,2013,1551668,,
dataflow,ESTAT:DEMO_R_D2JAN(1.0),A: Annual,NR: Number,T: Total,TOTAL: Total,ITI3: Marche,2014,1549478,,
dataflow,ESTAT:DEMO_R_D2JAN(1.0),A: Annual,NR: Number,T: Total,TOTAL: Total,ITI3: Marche,2015,1545869,,
dataflow,ESTAT:DEMO_R_D2JAN(1.0),A: Annual,NR: Number,T: Total,TOTAL: Total,ITI3: Marche,2016,1538442,,
dataflow,ESTAT:DEMO_R_D2JAN(1.0),A: Annual,NR: Number,T: Total,TOTAL: Total,ITI3: Marche,2017,1532460,,
dataflow,ESTAT:DEMO_R_D2JAN(1.0),A: Annual,NR: Number,T: Total,TOTAL: Total,ITI3: Marche,2018,1526331,,
dataflow,ESTAT:DEMO_R_D2JAN(1.0),A: Annual,NR: Number,T: Total,TOTAL: Total,ITI3: Marche,2019,1520321,,
dataflow,ESTAT:DEMO_R_D2JAN(1.0),A: Annual,NR: Number,T: Total,TOTAL: Total,ITI3: Marche,2020,1512672,,
dataflow,ESTAT:DEMO_R_D2JAN(1.0),A: Annual,NR: Number,T: Total,TOTAL: Total,ITI3: Marche,2021,1498236,,
dataflow,ESTAT:DEMO_R_D2JAN(1.0),A: Annual,NR: Number,T: Total,TOTAL: Total,ITI3: Marche,2022,1487150,,
dataflow,ESTAT:DEMO_R_D2JAN(1.0),A: Annual,NR: Number,T: Total,TOTAL: Total,ITI3: Marche,2023,1484298,,
dataflow,ESTAT:DEMO_R_D2JAN(1.0),A: Annual,NR: Number,T: Total,TOTAL: Total,ITI3: Marche,2024,1482746,,
dataflow,ESTAT:DEMO_R_D2JAN(1.0),A: Annual,NR: Number,T: Total,TOTAL: Total,ITI4: Lazio,2010,5516026,,
dataflow,ESTAT:DEMO_R_D2JAN(1.0),A: Annual,NR: Number,T: Total,TOTAL: Total,ITI4: Lazio,2011,5563046,,
dataflow,ESTAT:DEMO_R_D2JAN(1.0),A: Annual,NR: Number,T: Total,TOTAL: Total,ITI4: Lazio,2012,5605706,,
dataflow,ESTAT:DEMO_R_D2JAN(1.0),A: Annual,NR: Number,T: Total,TOTAL: Total,ITI4: Lazio,2013,5678764,,
dataflow,ESTAT:DEMO_R_D2JAN(1.0),A: Annual,NR: Number,T: Total,TOTAL: Total,ITI4: Lazio,2014,5723955,,
dataflow,ESTAT:DEMO_R_D2JAN(1.0),A: Annual,NR: Number,T: Total,TOTAL: Total,ITI4: Lazio,2015,5744899,,
dataflow,ESTAT:DEMO_R_D2JAN(1.0),A: Annual,NR: Number,T: Total,TOTAL: Total,ITI4: Lazio,2016,5761508,,
dataflow,ESTAT:DEMO_R_D2JAN(1.0),A: Annual,NR: Number,T: Total,TOTAL: Total,ITI4: Lazio,2017,5774092,,
dataflow,ESTAT:DEMO_R_D2JAN(1.0),A: Annual,NR: Number,T: Total,TOTAL: Total,ITI4: Lazio,2018,5774606,,
dataflow,ESTAT:DEMO_R_D2JAN(1.0),A: Annual,NR: Number,T: Total,TOTAL: Total,ITI4: Lazio,2019,5773076,,
dataflow,ESTAT:DEMO_R_D2JAN(1.0),A: Annual,NR: Number,T: Total,TOTAL: Total,ITI4: Lazio,2020,5755700,,
dataflow,ESTAT:DEMO_R_D2JAN(1.0),A: Annual,NR: Number,T: Total,TOTAL: Total,ITI4: Lazio,2021,5730399,,
dataflow,ESTAT:DEMO_R_D2JAN(1.0),A: Annual,NR: Number,T: Total,TOTAL: Total,ITI4: Lazio,2022,5714882,,
dataflow,ESTAT:DEMO_R_D2JAN(1.0),A: Annual,NR: Number,T: Total,TOTAL: Total,ITI4: Lazio,2023,5720536,,
dataflow,ESTAT:DEMO_R_D2JAN(1.0),A: Annual,NR: Number,T: Total,TOTAL: Total,ITI4: Lazio,2024,5714745,,
