FREQ,Frequency,REF_AREA,Territory_Ita,DATA_TYPE,Indicator,ADJUSTMENT,Adjustment (DESC),TYPE,TYPE OF ACCOM ,ECON_ACTIVITY_NACE_2007,Economic activity (NACE Rev. 2),COUNTRY_RES_GUESTS,Country of residence of guests,TIME_PERIOD,Observation,Territory,Year,Observation_Tourism
A,Annual,IT,Italy,AR,Arrivals,N,Raw data,ALL,Total collective accommodation establishments,551_553,'Hotels and similar accommodation, holiday and other short-stay accommodation, camping grounds, recreational vehicle parks and trailer parks',IT,Italy,2011,56263060
A,Annual,IT,Italy,AR,Arrivals,N,Raw data,ALL,Total collective accommodation establishments,551_553,'Hotels and similar accommodation, holiday and other short-stay accommodation, camping grounds, recreational vehicle parks and trailer parks',IT,Italy,2012,54994582
A,Annual,IT,Italy,AR,Arrivals,N,Raw data,ALL,Total collective accommodation establishments,551_553,'Hotels and similar accommodation, holiday and other short-stay accommodation, camping grounds, recreational vehicle parks and trailer parks',IT,Italy,2013,53599294
A,Annual,IT,Italy,AR,Arrivals,N,Raw data,ALL,Total collective accommodation establishments,551_553,'Hotels and similar accommodation, holiday and other short-stay accommodation, camping grounds, recreational vehicle parks and trailer parks',IT,Italy,2014,54916852
A,Annual,IT,Italy,AR,Arrivals,N,Raw data,ALL,Total collective accommodation establishments,551_553,'Hotels and similar accommodation, holiday and other short-stay accommodation, camping grounds, recreational vehicle parks and trailer parks',IT,Italy,2015,58352886
A,Annual,IT,Italy,AR,Arrivals,N,Raw data,ALL,Total collective accommodation establishments,551_553,'Hotels and similar accommodation, holiday and other short-stay accommodation, camping grounds, recreational vehicle parks and trailer parks',IT,Italy,2016,60180004
A,Annual,IT,Italy,AR,Arrivals,N,Raw data,ALL,Total collective accommodation establishments,551_553,'Hotels and similar accommodation, holiday and other short-stay accommodation, camping grounds, recreational vehicle parks and trailer parks',IT,Italy,2017,62672366
A,Annual,IT,Italy,AR,Arrivals,N,Raw data,ALL,Total collective accommodation establishments,551_553,'Hotels and similar accommodation, holiday and other short-stay accommodation, camping grounds, recreational vehicle parks and trailer parks',IT,Italy,2018,64905729
A,Annual,IT,Italy,AR,Arrivals,N,Raw data,ALL,Total collective accommodation establishments,551_553,'Hotels and similar accommodation, holiday and other short-stay accommodation, camping grounds, recreational vehicle parks and trailer parks',IT,Italy,2019,66371433
A,Annual,IT,Italy,AR,Arrivals,N,Raw data,ALL,Total collective accommodation establishments,551_553,'Hotels and similar accommodation, holiday and other short-stay accommodation, camping grounds, recreational vehicle parks and trailer parks',IT,Italy,2020,39190227
A,Annual,IT,Italy,AR,Arrivals,N,Raw data,ALL,Total collective accommodation establishments,551_553,'Hotels and similar accommodation, holiday and other short-stay accommodation, camping grounds, recreational vehicle parks and trailer parks',IT,Italy,2021,51767750
A,Annual,IT,Italy,AR,Arrivals,N,Raw data,ALL,Total collective accommodation establishments,551_553,'Hotels and similar accommodation, holiday and other short-stay accommodation, camping grounds, recreational vehicle parks and trailer parks',IT,Italy,2022,63427781
A,Annual,IT,Italy,AR,Arrivals,N,Raw data,ALL,Total collective accommodation establishments,551_553,'Hotels and similar accommodation, holiday and other short-stay accommodation, camping grounds, recreational vehicle parks and trailer parks',IT,Italy,2023,65758654
A,Annual,IT,Italy,AR,Arrivals,N,Raw data,ALL,Total collective accommodation establishments,551_553,'Hotels and similar accommodation, holiday and other short-stay accommodation, camping grounds, recreational vehicle parks and trailer parks',IT,Italy,2024,65696652
A,Annual,IT,Italy,AR,Arrivals,N,Raw data,ALL,Total collective accommodation establishments,551_553,'Hotels and similar accommodation, holiday and other short-stay accommodation, camping grounds, recreational vehicle parks and trailer parks',ITC1,Piemonte,2011,5245637
A,Annual,IT,Italy,AR,Arrivals,N,Raw data,ALL,Total collective accommodation establishments,551_553,'Hotels and similar accommodation, holiday and other short-stay accommodation, camping grounds, recreational vehicle parks and trailer parks',ITC1,Piemonte,2012,4733233
A,Annual,IT,Italy,AR,Arrivals,N,Raw data,ALL,Total collective accommodation establishments,551_553,'Hotels and similar accommodation, holiday and other short-stay accommodation, camping grounds, recreational vehicle parks and trailer parks',ITC1,Piemonte,2013,4637034
A,Annual,IT,Italy,AR,Arrivals,N,Raw data,ALL,Total collective accommodation establishments,551_553,'Hotels and similar accommodation, holiday and other short-stay accommodation, camping grounds, recreational vehicle parks and trailer parks',ITC1,Piemonte,2014,4873380
A,Annual,IT,Italy,AR,Arrivals,N,Raw data,ALL,Total collective accommodation establishments,551_553,'Hotels and similar accommodation, holiday and other short-stay accommodation, camping grounds, recreational vehicle parks and trailer parks',ITC1,Piemonte,2015,4919308
A,Annual,IT,Italy,AR,Arrivals,N,Raw data,ALL,Total collective accommodation establishments,551_553,'Hotels and similar accommodation, holiday and other short-stay accommodation, camping grounds, recreational vehicle parks and trailer parks',ITC1,Piemonte,2016,5049113
A,Annual,IT,Italy,AR,Arrivals,N,Raw data,ALL,Total collective accommodation establishments,551_553,'Hotels and similar accommodation, holiday and other short-stay accommodation, camping grounds, recreational vehicle parks and trailer parks',ITC1,Piemonte,2017,5070239
A,Annual,IT,Italy,AR,Arrivals,N,Raw data,ALL,Total collective accommodation establishments,551_553,'Hotels and similar accommodation, holiday and other short-stay accommodation, camping grounds, recreational vehicle parks and trailer parks',ITC1,Piemonte,2018,5055682
A,Annual,IT,Italy,AR,Arrivals,N,Raw data,ALL,Total collective accommodation establishments,551_553,'Hotels and similar accommodation, holiday and other short-stay accommodation, camping grounds, recreational vehicle parks and trailer parks',ITC1,Piemonte,2019,5273804
A,Annual,IT,Italy,AR,Arrivals,N,Raw data,ALL,Total collective accommodation establishments,551_553,'Hotels and similar accommodation, holiday and other short-stay accommodation, camping grounds, recreational vehicle parks and trailer parks',ITC1,Piemonte,2020,3037126
A,Annual,IT,Italy,AR,Arrivals,N,Raw data,ALL,Total collective accommodation establishments,551_553,'Hotels and similar accommodation, holiday and other short-stay accommodation, camping grounds, recreational vehicle parks and trailer parks',ITC1,Piemonte,2021,4067341
A,Annual,IT,Italy,AR,Arrivals,N,Raw data,ALL,Total collective accommodation establishments,551_553,'Hotels and similar accommodation, holiday and other short-stay accommodation, camping grounds, recreational vehicle parks and trailer parks',ITC1,Piemonte,2022,4873626
A,Annual,IT,Italy,AR,Arrivals,N,Raw data,ALL,Total collective accommodation establishments,551_553,'Hotels and similar accommodation, holiday and other short-stay accommodation, camping grounds, recreational vehicle parks and trailer parks',ITC1,Piemonte,2023,4818684
A,Annual,IT,Italy,AR,Arrivals,N,Raw data,ALL,Total collective accommodation establishments,551_553,'Hotels and similar accommodation, holiday and other short-stay accommodation, camping grounds, recreational vehicle parks and trailer parks',ITC1,Piemonte,2024,4763560
A,Annual,IT,Italy,AR,Arrivals,N,Raw data,ALL,Total collective accommodation establishments,551_553,'Hotels and similar accommodation, holiday and other short-stay accommodation, camping grounds, recreational vehicle parks and trailer parks',ITC2,"'Valle d""'Aosta / Vallée d""'Aoste'",2011,132767
A,Annual,IT,Italy,AR,Arrivals,N,Raw data,ALL,Total collective accommodation establishments,551_553,'Hotels and similar accommodation, holiday and other short-stay accommodation, camping grounds, recreational vehicle parks and trailer parks',ITC2,"'Valle d""'Aosta / Vallée d""'Aoste'",2012,130403
A,Annual,IT,Italy,AR,Arrivals,N,Raw data,ALL,Total collective accommodation establishments,551_553,'Hotels and similar accommodation, holiday and other short-stay accommodation, camping grounds, recreational vehicle parks and trailer parks',ITC2,"'Valle d""'Aosta / Vallée d""'Aoste'",2013,125703
A,Annual,IT,Italy,AR,Arrivals,N,Raw data,ALL,Total collective accommodation establishments,551_553,'Hotels and similar accommodation, holiday and other short-stay accommodation, camping grounds, recreational vehicle parks and trailer parks',ITC2,"'Valle d""'Aosta / Vallée d""'Aoste'",2014,126214
A,Annual,IT,Italy,AR,Arrivals,N,Raw data,ALL,Total collective accommodation establishments,551_553,'Hotels and similar accommodation, holiday and other short-stay accommodation, camping grounds, recreational vehicle parks and trailer parks',ITC2,"'Valle d""'Aosta / Vallée d""'Aoste'",2015,131790
A,Annual,IT,Italy,AR,Arrivals,N,Raw data,ALL,Total collective accommodation establishments,551_553,'Hotels and similar accommodation, holiday and other short-stay accommodation, camping grounds, recreational vehicle parks and trailer parks',ITC2,"'Valle d""'Aosta / Vallée d""'Aoste'",2016,139281
A,Annual,IT,Italy,AR,Arrivals,N,Raw data,ALL,Total collective accommodation establishments,551_553,'Hotels and similar accommodation, holiday and other short-stay accommodation, camping grounds, recreational vehicle parks and trailer parks',ITC2,"'Valle d""'Aosta / Vallée d""'Aoste'",2017,145751
A,Annual,IT,Italy,AR,Arrivals,N,Raw data,ALL,Total collective accommodation establishments,551_553,'Hotels and similar accommodation, holiday and other short-stay accommodation, camping grounds, recreational vehicle parks and trailer parks',ITC2,"'Valle d""'Aosta / Vallée d""'Aoste'",2018,144688
A,Annual,IT,Italy,AR,Arrivals,N,Raw data,ALL,Total collective accommodation establishments,551_553,'Hotels and similar accommodation, holiday and other short-stay accommodation, camping grounds, recreational vehicle parks and trailer parks',ITC2,"'Valle d""'Aosta / Vallée d""'Aoste'",2019,144725
A,Annual,IT,Italy,AR,Arrivals,N,Raw data,ALL,Total collective accommodation establishments,551_553,'Hotels and similar accommodation, holiday and other short-stay accommodation, camping grounds, recreational vehicle parks and trailer parks',ITC2,"'Valle d""'Aosta / Vallée d""'Aoste'",2020,80685
A,Annual,IT,Italy,AR,Arrivals,N,Raw data,ALL,Total collective accommodation establishments,551_553,'Hotels and similar accommodation, holiday and other short-stay accommodation, camping grounds, recreational vehicle parks and trailer parks',ITC2,"'Valle d""'Aosta / Vallée d""'Aoste'",2021,117578
A,Annual,IT,Italy,AR,Arrivals,N,Raw data,ALL,Total collective accommodation establishments,551_553,'Hotels and similar accommodation, holiday and other short-stay accommodation, camping grounds, recreational vehicle parks and trailer parks',ITC2,"'Valle d""'Aosta / Vallée d""'Aoste'",2022,139873
A,Annual,IT,Italy,AR,Arrivals,N,Raw data,ALL,Total collective accommodation establishments,551_553,'Hotels and similar accommodation, holiday and other short-stay accommodation, camping grounds, recreational vehicle parks and trailer parks',ITC2,"'Valle d""'Aosta / Vallée d""'Aoste'",2023,145644
A,Annual,IT,Italy,AR,Arrivals,N,Raw data,ALL,Total collective accommodation establishments,551_553,'Hotels and similar accommodation, holiday and other short-stay accommodation, camping grounds, recreational vehicle parks and trailer parks',ITC2,"'Valle d""'Aosta / Vallée d""'Aoste'",2024,153629
A,Annual,IT,Italy,AR,Arrivals,N,Raw data,ALL,Total collective accommodation establishments,551_553,'Hotels and similar accommodation, holiday and other short-stay accommodation, camping grounds, recreational vehicle parks and trailer parks',ITC3,Liguria,2011,1533641
A,Annual,IT,Italy,AR,Arrivals,N,Raw data,ALL,Total collective accommodation establishments,551_553,'Hotels and similar accommodation, holiday and other short-stay accommodation, camping grounds, recreational vehicle parks and trailer parks',ITC3,Liguria,2012,1496941
A,Annual,IT,Italy,AR,Arrivals,N,Raw data,ALL,Total collective accommodation establishments,551_553,'Hotels and similar accommodation, holiday and other short-stay accommodation, camping grounds, recreational vehicle parks and trailer parks',ITC3,Liguria,2013,1464373
A,Annual,IT,Italy,AR,Arrivals,N,Raw data,ALL,Total collective accommodation establishments,551_553,'Hotels and similar accommodation, holiday and other short-stay accommodation, camping grounds, recreational vehicle parks and trailer parks',ITC3,Liguria,2014,1518816
A,Annual,IT,Italy,AR,Arrivals,N,Raw data,ALL,Total collective accommodation establishments,551_553,'Hotels and similar accommodation, holiday and other short-stay accommodation, camping grounds, recreational vehicle parks and trailer parks',ITC3,Liguria,2015,1556945
A,Annual,IT,Italy,AR,Arrivals,N,Raw data,ALL,Total collective accommodation establishments,551_553,'Hotels and similar accommodation, holiday and other short-stay accommodation, camping grounds, recreational vehicle parks and trailer parks',ITC3,Liguria,2016,1578225
A,Annual,IT,Italy,AR,Arrivals,N,Raw data,ALL,Total collective accommodation establishments,551_553,'Hotels and similar accommodation, holiday and other short-stay accommodation, camping grounds, recreational vehicle parks and trailer parks',ITC3,Liguria,2017,1656452
A,Annual,IT,Italy,AR,Arrivals,N,Raw data,ALL,Total collective accommodation establishments,551_553,'Hotels and similar accommodation, holiday and other short-stay accommodation, camping grounds, recreational vehicle parks and trailer parks',ITC3,Liguria,2018,1704086
A,Annual,IT,Italy,AR,Arrivals,N,Raw data,ALL,Total collective accommodation establishments,551_553,'Hotels and similar accommodation, holiday and other short-stay accommodation, camping grounds, recreational vehicle parks and trailer parks',ITC3,Liguria,2019,1741306
A,Annual,IT,Italy,AR,Arrivals,N,Raw data,ALL,Total collective accommodation establishments,551_553,'Hotels and similar accommodation, holiday and other short-stay accommodation, camping grounds, recreational vehicle parks and trailer parks',ITC3,Liguria,2020,936807
A,Annual,IT,Italy,AR,Arrivals,N,Raw data,ALL,Total collective accommodation establishments,551_553,'Hotels and similar accommodation, holiday and other short-stay accommodation, camping grounds, recreational vehicle parks and trailer parks',ITC3,Liguria,2021,1288421
A,Annual,IT,Italy,AR,Arrivals,N,Raw data,ALL,Total collective accommodation establishments,551_553,'Hotels and similar accommodation, holiday and other short-stay accommodation, camping grounds, recreational vehicle parks and trailer parks',ITC3,Liguria,2022,1621137
A,Annual,IT,Italy,AR,Arrivals,N,Raw data,ALL,Total collective accommodation establishments,551_553,'Hotels and similar accommodation, holiday and other short-stay accommodation, camping grounds, recreational vehicle parks and trailer parks',ITC3,Liguria,2023,1675644
A,Annual,IT,Italy,AR,Arrivals,N,Raw data,ALL,Total collective accommodation establishments,551_553,'Hotels and similar accommodation, holiday and other short-stay accommodation, camping grounds, recreational vehicle parks and trailer parks',ITC3,Liguria,2024,1677295
A,Annual,IT,Italy,AR,Arrivals,N,Raw data,ALL,Total collective accommodation establishments,551_553,'Hotels and similar accommodation, holiday and other short-stay accommodation, camping grounds, recreational vehicle parks and trailer parks',ITC4,Lombardia,2011,12290536
A,Annual,IT,Italy,AR,Arrivals,N,Raw data,ALL,Total collective accommodation establishments,551_553,'Hotels and similar accommodation, holiday and other short-stay accommodation, camping grounds, recreational vehicle parks and trailer parks',ITC4,Lombardia,2012,12247807
A,Annual,IT,Italy,AR,Arrivals,N,Raw data,ALL,Total collective accommodation establishments,551_553,'Hotels and similar accommodation, holiday and other short-stay accommodation, camping grounds, recreational vehicle parks and trailer parks',ITC4,Lombardia,2013,12042609
A,Annual,IT,Italy,AR,Arrivals,N,Raw data,ALL,Total collective accommodation establishments,551_553,'Hotels and similar accommodation, holiday and other short-stay accommodation, camping grounds, recreational vehicle parks and trailer parks',ITC4,Lombardia,2014,12219608
A,Annual,IT,Italy,AR,Arrivals,N,Raw data,ALL,Total collective accommodation establishments,551_553,'Hotels and similar accommodation, holiday and other short-stay accommodation, camping grounds, recreational vehicle parks and trailer parks',ITC4,Lombardia,2015,12740004
A,Annual,IT,Italy,AR,Arrivals,N,Raw data,ALL,Total collective accommodation establishments,551_553,'Hotels and similar accommodation, holiday and other short-stay accommodation, camping grounds, recreational vehicle parks and trailer parks',ITC4,Lombardia,2016,13130126
A,Annual,IT,Italy,AR,Arrivals,N,Raw data,ALL,Total collective accommodation establishments,551_553,'Hotels and similar accommodation, holiday and other short-stay accommodation, camping grounds, recreational vehicle parks and trailer parks',ITC4,Lombardia,2017,13426025
A,Annual,IT,Italy,AR,Arrivals,N,Raw data,ALL,Total collective accommodation establishments,551_553,'Hotels and similar accommodation, holiday and other short-stay accommodation, camping grounds, recreational vehicle parks and trailer parks',ITC4,Lombardia,2018,13607229
A,Annual,IT,Italy,AR,Arrivals,N,Raw data,ALL,Total collective accommodation establishments,551_553,'Hotels and similar accommodation, holiday and other short-stay accommodation, camping grounds, recreational vehicle parks and trailer parks',ITC4,Lombardia,2019,13802465
A,Annual,IT,Italy,AR,Arrivals,N,Raw data,ALL,Total collective accommodation establishments,551_553,'Hotels and similar accommodation, holiday and other short-stay accommodation, camping grounds, recreational vehicle parks and trailer parks',ITC4,Lombardia,2020,8816229
A,Annual,IT,Italy,AR,Arrivals,N,Raw data,ALL,Total collective accommodation establishments,551_553,'Hotels and similar accommodation, holiday and other short-stay accommodation, camping grounds, recreational vehicle parks and trailer parks',ITC4,Lombardia,2021,11499634
A,Annual,IT,Italy,AR,Arrivals,N,Raw data,ALL,Total collective accommodation establishments,551_553,'Hotels and similar accommodation, holiday and other short-stay accommodation, camping grounds, recreational vehicle parks and trailer parks',ITC4,Lombardia,2022,13590141
A,Annual,IT,Italy,AR,Arrivals,N,Raw data,ALL,Total collective accommodation establishments,551_553,'Hotels and similar accommodation, holiday and other short-stay accommodation, camping grounds, recreational vehicle parks and trailer parks',ITC4,Lombardia,2023,13784722
A,Annual,IT,Italy,AR,Arrivals,N,Raw data,ALL,Total collective accommodation establishments,551_553,'Hotels and similar accommodation, holiday and other short-stay accommodation, camping grounds, recreational vehicle parks and trailer parks',ITC4,Lombardia,2024,13730107
A,Annual,IT,Italy,AR,Arrivals,N,Raw data,ALL,Total collective accommodation establishments,551_553,'Hotels and similar accommodation, holiday and other short-stay accommodation, camping grounds, recreational vehicle parks and trailer parks',ITDA,Trentino Alto Adige,2011,1203944
A,Annual,IT,Italy,AR,Arrivals,N,Raw data,ALL,Total collective accommodation establishments,551_553,'Hotels and similar accommodation, holiday and other short-stay accommodation, camping grounds, recreational vehicle parks and trailer parks',ITDA,Trentino Alto Adige,2012,1207871
A,Annual,IT,Italy,AR,Arrivals,N,Raw data,ALL,Total collective accommodation establishments,551_553,'Hotels and similar accommodation, holiday and other short-stay accommodation, camping grounds, recreational vehicle parks and trailer parks',ITDA,Trentino Alto Adige,2013,1205719
A,Annual,IT,Italy,AR,Arrivals,N,Raw data,ALL,Total collective accommodation establishments,551_553,'Hotels and similar accommodation, holiday and other short-stay accommodation, camping grounds, recreational vehicle parks and trailer parks',ITDA,Trentino Alto Adige,2014,1232527
A,Annual,IT,Italy,AR,Arrivals,N,Raw data,ALL,Total collective accommodation establishments,551_553,'Hotels and similar accommodation, holiday and other short-stay accommodation, camping grounds, recreational vehicle parks and trailer parks',ITDA,Trentino Alto Adige,2015,1299166
A,Annual,IT,Italy,AR,Arrivals,N,Raw data,ALL,Total collective accommodation establishments,551_553,'Hotels and similar accommodation, holiday and other short-stay accommodation, camping grounds, recreational vehicle parks and trailer parks',ITDA,Trentino Alto Adige,2016,1339922
A,Annual,IT,Italy,AR,Arrivals,N,Raw data,ALL,Total collective accommodation establishments,551_553,'Hotels and similar accommodation, holiday and other short-stay accommodation, camping grounds, recreational vehicle parks and trailer parks',ITDA,Trentino Alto Adige,2017,1391890
A,Annual,IT,Italy,AR,Arrivals,N,Raw data,ALL,Total collective accommodation establishments,551_553,'Hotels and similar accommodation, holiday and other short-stay accommodation, camping grounds, recreational vehicle parks and trailer parks',ITDA,Trentino Alto Adige,2018,1478390
A,Annual,IT,Italy,AR,Arrivals,N,Raw data,ALL,Total collective accommodation establishments,551_553,'Hotels and similar accommodation, holiday and other short-stay accommodation, camping grounds, recreational vehicle parks and trailer parks',ITDA,Trentino Alto Adige,2019,1497574
A,Annual,IT,Italy,AR,Arrivals,N,Raw data,ALL,Total collective accommodation establishments,551_553,'Hotels and similar accommodation, holiday and other short-stay accommodation, camping grounds, recreational vehicle parks and trailer parks',ITDA,Trentino Alto Adige,2020,1006858
A,Annual,IT,Italy,AR,Arrivals,N,Raw data,ALL,Total collective accommodation establishments,551_553,'Hotels and similar accommodation, holiday and other short-stay accommodation, camping grounds, recreational vehicle parks and trailer parks',ITDA,Trentino Alto Adige,2021,1382117
A,Annual,IT,Italy,AR,Arrivals,N,Raw data,ALL,Total collective accommodation establishments,551_553,'Hotels and similar accommodation, holiday and other short-stay accommodation, camping grounds, recreational vehicle parks and trailer parks',ITDA,Trentino Alto Adige,2022,1562249
A,Annual,IT,Italy,AR,Arrivals,N,Raw data,ALL,Total collective accommodation establishments,551_553,'Hotels and similar accommodation, holiday and other short-stay accommodation, camping grounds, recreational vehicle parks and trailer parks',ITDA,Trentino Alto Adige,2023,1598832
A,Annual,IT,Italy,AR,Arrivals,N,Raw data,ALL,Total collective accommodation establishments,551_553,'Hotels and similar accommodation, holiday and other short-stay accommodation, camping grounds, recreational vehicle parks and trailer parks',ITDA,Trentino Alto Adige,2024,1619719
A,Annual,IT,Italy,AR,Arrivals,N,Raw data,ALL,Total collective accommodation establishments,551_553,'Hotels and similar accommodation, holiday and other short-stay accommodation, camping grounds, recreational vehicle parks and trailer parks',ITD3,Veneto,2011,5009877
A,Annual,IT,Italy,AR,Arrivals,N,Raw data,ALL,Total collective accommodation establishments,551_553,'Hotels and similar accommodation, holiday and other short-stay accommodation, camping grounds, recreational vehicle parks and trailer parks',ITD3,Veneto,2012,4931861
A,Annual,IT,Italy,AR,Arrivals,N,Raw data,ALL,Total collective accommodation establishments,551_553,'Hotels and similar accommodation, holiday and other short-stay accommodation, camping grounds, recreational vehicle parks and trailer parks',ITD3,Veneto,2013,4869024
A,Annual,IT,Italy,AR,Arrivals,N,Raw data,ALL,Total collective accommodation establishments,551_553,'Hotels and similar accommodation, holiday and other short-stay accommodation, camping grounds, recreational vehicle parks and trailer parks',ITD3,Veneto,2014,4949901
A,Annual,IT,Italy,AR,Arrivals,N,Raw data,ALL,Total collective accommodation establishments,551_553,'Hotels and similar accommodation, holiday and other short-stay accommodation, camping grounds, recreational vehicle parks and trailer parks',ITD3,Veneto,2015,5347276
A,Annual,IT,Italy,AR,Arrivals,N,Raw data,ALL,Total collective accommodation establishments,551_553,'Hotels and similar accommodation, holiday and other short-stay accommodation, camping grounds, recreational vehicle parks and trailer parks',ITD3,Veneto,2016,5459946
A,Annual,IT,Italy,AR,Arrivals,N,Raw data,ALL,Total collective accommodation establishments,551_553,'Hotels and similar accommodation, holiday and other short-stay accommodation, camping grounds, recreational vehicle parks and trailer parks',ITD3,Veneto,2017,5663201
A,Annual,IT,Italy,AR,Arrivals,N,Raw data,ALL,Total collective accommodation establishments,551_553,'Hotels and similar accommodation, holiday and other short-stay accommodation, camping grounds, recreational vehicle parks and trailer parks',ITD3,Veneto,2018,5893246
A,Annual,IT,Italy,AR,Arrivals,N,Raw data,ALL,Total collective accommodation establishments,551_553,'Hotels and similar accommodation, holiday and other short-stay accommodation, camping grounds, recreational vehicle parks and trailer parks',ITD3,Veneto,2019,6019832
A,Annual,IT,Italy,AR,Arrivals,N,Raw data,ALL,Total collective accommodation establishments,551_553,'Hotels and similar accommodation, holiday and other short-stay accommodation, camping grounds, recreational vehicle parks and trailer parks',ITD3,Veneto,2020,4227632
A,Annual,IT,Italy,AR,Arrivals,N,Raw data,ALL,Total collective accommodation establishments,551_553,'Hotels and similar accommodation, holiday and other short-stay accommodation, camping grounds, recreational vehicle parks and trailer parks',ITD3,Veneto,2021,5181202
A,Annual,IT,Italy,AR,Arrivals,N,Raw data,ALL,Total collective accommodation establishments,551_553,'Hotels and similar accommodation, holiday and other short-stay accommodation, camping grounds, recreational vehicle parks and trailer parks',ITD3,Veneto,2022,5923696
A,Annual,IT,Italy,AR,Arrivals,N,Raw data,ALL,Total collective accommodation establishments,551_553,'Hotels and similar accommodation, holiday and other short-stay accommodation, camping grounds, recreational vehicle parks and trailer parks',ITD3,Veneto,2023,6118782
A,Annual,IT,Italy,AR,Arrivals,N,Raw data,ALL,Total collective accommodation establishments,551_553,'Hotels and similar accommodation, holiday and other short-stay accommodation, camping grounds, recreational vehicle parks and trailer parks',ITD3,Veneto,2024,6075021
A,Annual,IT,Italy,AR,Arrivals,N,Raw data,ALL,Total collective accommodation establishments,551_553,'Hotels and similar accommodation, holiday and other short-stay accommodation, camping grounds, recreational vehicle parks and trailer parks',ITD4,Friuli-Venezia Giulia,2011,1052218
A,Annual,IT,Italy,AR,Arrivals,N,Raw data,ALL,Total collective accommodation establishments,551_553,'Hotels and similar accommodation, holiday and other short-stay accommodation, camping grounds, recreational vehicle parks and trailer parks',ITD4,Friuli-Venezia Giulia,2012,1049381
A,Annual,IT,Italy,AR,Arrivals,N,Raw data,ALL,Total collective accommodation establishments,551_553,'Hotels and similar accommodation, holiday and other short-stay accommodation, camping grounds, recreational vehicle parks and trailer parks',ITD4,Friuli-Venezia Giulia,2013,1015934
A,Annual,IT,Italy,AR,Arrivals,N,Raw data,ALL,Total collective accommodation establishments,551_553,'Hotels and similar accommodation, holiday and other short-stay accommodation, camping grounds, recreational vehicle parks and trailer parks',ITD4,Friuli-Venezia Giulia,2014,1033232
A,Annual,IT,Italy,AR,Arrivals,N,Raw data,ALL,Total collective accommodation establishments,551_553,'Hotels and similar accommodation, holiday and other short-stay accommodation, camping grounds, recreational vehicle parks and trailer parks',ITD4,Friuli-Venezia Giulia,2015,1108881
A,Annual,IT,Italy,AR,Arrivals,N,Raw data,ALL,Total collective accommodation establishments,551_553,'Hotels and similar accommodation, holiday and other short-stay accommodation, camping grounds, recreational vehicle parks and trailer parks',ITD4,Friuli-Venezia Giulia,2016,1164773
A,Annual,IT,Italy,AR,Arrivals,N,Raw data,ALL,Total collective accommodation establishments,551_553,'Hotels and similar accommodation, holiday and other short-stay accommodation, camping grounds, recreational vehicle parks and trailer parks',ITD4,Friuli-Venezia Giulia,2017,1212053
A,Annual,IT,Italy,AR,Arrivals,N,Raw data,ALL,Total collective accommodation establishments,551_553,'Hotels and similar accommodation, holiday and other short-stay accommodation, camping grounds, recreational vehicle parks and trailer parks',ITD4,Friuli-Venezia Giulia,2018,1287362
A,Annual,IT,Italy,AR,Arrivals,N,Raw data,ALL,Total collective accommodation establishments,551_553,'Hotels and similar accommodation, holiday and other short-stay accommodation, camping grounds, recreational vehicle parks and trailer parks',ITD4,Friuli-Venezia Giulia,2019,1318763
A,Annual,IT,Italy,AR,Arrivals,N,Raw data,ALL,Total collective accommodation establishments,551_553,'Hotels and similar accommodation, holiday and other short-stay accommodation, camping grounds, recreational vehicle parks and trailer parks',ITD4,Friuli-Venezia Giulia,2020,838192
A,Annual,IT,Italy,AR,Arrivals,N,Raw data,ALL,Total collective accommodation establishments,551_553,'Hotels and similar accommodation, holiday and other short-stay accommodation, camping grounds, recreational vehicle parks and trailer parks',ITD4,Friuli-Venezia Giulia,2021,1087736
A,Annual,IT,Italy,AR,Arrivals,N,Raw data,ALL,Total collective accommodation establishments,551_553,'Hotels and similar accommodation, holiday and other short-stay accommodation, camping grounds, recreational vehicle parks and trailer parks',ITD4,Friuli-Venezia Giulia,2022,1275118
A,Annual,IT,Italy,AR,Arrivals,N,Raw data,ALL,Total collective accommodation establishments,551_553,'Hotels and similar accommodation, holiday and other short-stay accommodation, camping grounds, recreational vehicle parks and trailer parks',ITD4,Friuli-Venezia Giulia,2023,1311833
A,Annual,IT,Italy,AR,Arrivals,N,Raw data,ALL,Total collective accommodation establishments,551_553,'Hotels and similar accommodation, holiday and other short-stay accommodation, camping grounds, recreational vehicle parks and trailer parks',ITD4,Friuli-Venezia Giulia,2024,1312674
A,Annual,IT,Italy,AR,Arrivals,N,Raw data,ALL,Total collective accommodation establishments,551_553,'Hotels and similar accommodation, holiday and other short-stay accommodation, camping grounds, recreational vehicle parks and trailer parks',ITD5,Emilia-Romagna,2011,4688334
A,Annual,IT,Italy,AR,Arrivals,N,Raw data,ALL,Total collective accommodation establishments,551_553,'Hotels and similar accommodation, holiday and other short-stay accommodation, camping grounds, recreational vehicle parks and trailer parks',ITD5,Emilia-Romagna,2012,4752799
A,Annual,IT,Italy,AR,Arrivals,N,Raw data,ALL,Total collective accommodation establishments,551_553,'Hotels and similar accommodation, holiday and other short-stay accommodation, camping grounds, recreational vehicle parks and trailer parks',ITD5,Emilia-Romagna,2013,4627401
A,Annual,IT,Italy,AR,Arrivals,N,Raw data,ALL,Total collective accommodation establishments,551_553,'Hotels and similar accommodation, holiday and other short-stay accommodation, camping grounds, recreational vehicle parks and trailer parks',ITD5,Emilia-Romagna,2014,4728142
A,Annual,IT,Italy,AR,Arrivals,N,Raw data,ALL,Total collective accommodation establishments,551_553,'Hotels and similar accommodation, holiday and other short-stay accommodation, camping grounds, recreational vehicle parks and trailer parks',ITD5,Emilia-Romagna,2015,5085049
A,Annual,IT,Italy,AR,Arrivals,N,Raw data,ALL,Total collective accommodation establishments,551_553,'Hotels and similar accommodation, holiday and other short-stay accommodation, camping grounds, recreational vehicle parks and trailer parks',ITD5,Emilia-Romagna,2016,5294001
A,Annual,IT,Italy,AR,Arrivals,N,Raw data,ALL,Total collective accommodation establishments,551_553,'Hotels and similar accommodation, holiday and other short-stay accommodation, camping grounds, recreational vehicle parks and trailer parks',ITD5,Emilia-Romagna,2017,5532418
A,Annual,IT,Italy,AR,Arrivals,N,Raw data,ALL,Total collective accommodation establishments,551_553,'Hotels and similar accommodation, holiday and other short-stay accommodation, camping grounds, recreational vehicle parks and trailer parks',ITD5,Emilia-Romagna,2018,5713397
A,Annual,IT,Italy,AR,Arrivals,N,Raw data,ALL,Total collective accommodation establishments,551_553,'Hotels and similar accommodation, holiday and other short-stay accommodation, camping grounds, recreational vehicle parks and trailer parks',ITD5,Emilia-Romagna,2019,5812533
A,Annual,IT,Italy,AR,Arrivals,N,Raw data,ALL,Total collective accommodation establishments,551_553,'Hotels and similar accommodation, holiday and other short-stay accommodation, camping grounds, recreational vehicle parks and trailer parks',ITD5,Emilia-Romagna,2020,3825884
A,Annual,IT,Italy,AR,Arrivals,N,Raw data,ALL,Total collective accommodation establishments,551_553,'Hotels and similar accommodation, holiday and other short-stay accommodation, camping grounds, recreational vehicle parks and trailer parks',ITD5,Emilia-Romagna,2021,4754097
A,Annual,IT,Italy,AR,Arrivals,N,Raw data,ALL,Total collective accommodation establishments,551_553,'Hotels and similar accommodation, holiday and other short-stay accommodation, camping grounds, recreational vehicle parks and trailer parks',ITD5,Emilia-Romagna,2022,5620684
A,Annual,IT,Italy,AR,Arrivals,N,Raw data,ALL,Total collective accommodation establishments,551_553,'Hotels and similar accommodation, holiday and other short-stay accommodation, camping grounds, recreational vehicle parks and trailer parks',ITD5,Emilia-Romagna,2023,5780043
A,Annual,IT,Italy,AR,Arrivals,N,Raw data,ALL,Total collective accommodation establishments,551_553,'Hotels and similar accommodation, holiday and other short-stay accommodation, camping grounds, recreational vehicle parks and trailer parks',ITD5,Emilia-Romagna,2024,5810066
A,Annual,IT,Italy,AR,Arrivals,N,Raw data,ALL,Total collective accommodation establishments,551_553,'Hotels and similar accommodation, holiday and other short-stay accommodation, camping grounds, recreational vehicle parks and trailer parks',ITE1,Toscana,2011,3517442
A,Annual,IT,Italy,AR,Arrivals,N,Raw data,ALL,Total collective accommodation establishments,551_553,'Hotels and similar accommodation, holiday and other short-stay accommodation, camping grounds, recreational vehicle parks and trailer parks',ITE1,Toscana,2012,3449257
A,Annual,IT,Italy,AR,Arrivals,N,Raw data,ALL,Total collective accommodation establishments,551_553,'Hotels and similar accommodation, holiday and other short-stay accommodation, camping grounds, recreational vehicle parks and trailer parks',ITE1,Toscana,2013,3387782
A,Annual,IT,Italy,AR,Arrivals,N,Raw data,ALL,Total collective accommodation establishments,551_553,'Hotels and similar accommodation, holiday and other short-stay accommodation, camping grounds, recreational vehicle parks and trailer parks',ITE1,Toscana,2014,3469229
A,Annual,IT,Italy,AR,Arrivals,N,Raw data,ALL,Total collective accommodation establishments,551_553,'Hotels and similar accommodation, holiday and other short-stay accommodation, camping grounds, recreational vehicle parks and trailer parks',ITE1,Toscana,2015,3746796
A,Annual,IT,Italy,AR,Arrivals,N,Raw data,ALL,Total collective accommodation establishments,551_553,'Hotels and similar accommodation, holiday and other short-stay accommodation, camping grounds, recreational vehicle parks and trailer parks',ITE1,Toscana,2016,3900524
A,Annual,IT,Italy,AR,Arrivals,N,Raw data,ALL,Total collective accommodation establishments,551_553,'Hotels and similar accommodation, holiday and other short-stay accommodation, camping grounds, recreational vehicle parks and trailer parks',ITE1,Toscana,2017,4112830
A,Annual,IT,Italy,AR,Arrivals,N,Raw data,ALL,Total collective accommodation establishments,551_553,'Hotels and similar accommodation, holiday and other short-stay accommodation, camping grounds, recreational vehicle parks and trailer parks',ITE1,Toscana,2018,4238477
A,Annual,IT,Italy,AR,Arrivals,N,Raw data,ALL,Total collective accommodation establishments,551_553,'Hotels and similar accommodation, holiday and other short-stay accommodation, camping grounds, recreational vehicle parks and trailer parks',ITE1,Toscana,2019,4315591
A,Annual,IT,Italy,AR,Arrivals,N,Raw data,ALL,Total collective accommodation establishments,551_553,'Hotels and similar accommodation, holiday and other short-stay accommodation, camping grounds, recreational vehicle parks and trailer parks',ITE1,Toscana,2020,2473168
A,Annual,IT,Italy,AR,Arrivals,N,Raw data,ALL,Total collective accommodation establishments,551_553,'Hotels and similar accommodation, holiday and other short-stay accommodation, camping grounds, recreational vehicle parks and trailer parks',ITE1,Toscana,2021,3291710
A,Annual,IT,Italy,AR,Arrivals,N,Raw data,ALL,Total collective accommodation establishments,551_553,'Hotels and similar accommodation, holiday and other short-stay accommodation, camping grounds, recreational vehicle parks and trailer parks',ITE1,Toscana,2022,4094447
A,Annual,IT,Italy,AR,Arrivals,N,Raw data,ALL,Total collective accommodation establishments,551_553,'Hotels and similar accommodation, holiday and other short-stay accommodation, camping grounds, recreational vehicle parks and trailer parks',ITE1,Toscana,2023,4274786
A,Annual,IT,Italy,AR,Arrivals,N,Raw data,ALL,Total collective accommodation establishments,551_553,'Hotels and similar accommodation, holiday and other short-stay accommodation, camping grounds, recreational vehicle parks and trailer parks',ITE1,Toscana,2024,4240134
A,Annual,IT,Italy,AR,Arrivals,N,Raw data,ALL,Total collective accommodation establishments,551_553,'Hotels and similar accommodation, holiday and other short-stay accommodation, camping grounds, recreational vehicle parks and trailer parks',ITE2,Umbria,2011,927221
A,Annual,IT,Italy,AR,Arrivals,N,Raw data,ALL,Total collective accommodation establishments,551_553,'Hotels and similar accommodation, holiday and other short-stay accommodation, camping grounds, recreational vehicle parks and trailer parks',ITE2,Umbria,2012,901479
A,Annual,IT,Italy,AR,Arrivals,N,Raw data,ALL,Total collective accommodation establishments,551_553,'Hotels and similar accommodation, holiday and other short-stay accommodation, camping grounds, recreational vehicle parks and trailer parks',ITE2,Umbria,2013,960024
A,Annual,IT,Italy,AR,Arrivals,N,Raw data,ALL,Total collective accommodation establishments,551_553,'Hotels and similar accommodation, holiday and other short-stay accommodation, camping grounds, recreational vehicle parks and trailer parks',ITE2,Umbria,2014,991191
A,Annual,IT,Italy,AR,Arrivals,N,Raw data,ALL,Total collective accommodation establishments,551_553,'Hotels and similar accommodation, holiday and other short-stay accommodation, camping grounds, recreational vehicle parks and trailer parks',ITE2,Umbria,2015,1128339
A,Annual,IT,Italy,AR,Arrivals,N,Raw data,ALL,Total collective accommodation establishments,551_553,'Hotels and similar accommodation, holiday and other short-stay accommodation, camping grounds, recreational vehicle parks and trailer parks',ITE2,Umbria,2016,1139699
A,Annual,IT,Italy,AR,Arrivals,N,Raw data,ALL,Total collective accommodation establishments,551_553,'Hotels and similar accommodation, holiday and other short-stay accommodation, camping grounds, recreational vehicle parks and trailer parks',ITE2,Umbria,2017,1168538
A,Annual,IT,Italy,AR,Arrivals,N,Raw data,ALL,Total collective accommodation establishments,551_553,'Hotels and similar accommodation, holiday and other short-stay accommodation, camping grounds, recreational vehicle parks and trailer parks',ITE2,Umbria,2018,1159347
A,Annual,IT,Italy,AR,Arrivals,N,Raw data,ALL,Total collective accommodation establishments,551_553,'Hotels and similar accommodation, holiday and other short-stay accommodation, camping grounds, recreational vehicle parks and trailer parks',ITE2,Umbria,2019,1184463
A,Annual,IT,Italy,AR,Arrivals,N,Raw data,ALL,Total collective accommodation establishments,551_553,'Hotels and similar accommodation, holiday and other short-stay accommodation, camping grounds, recreational vehicle parks and trailer parks',ITE2,Umbria,2020,617987
A,Annual,IT,Italy,AR,Arrivals,N,Raw data,ALL,Total collective accommodation establishments,551_553,'Hotels and similar accommodation, holiday and other short-stay accommodation, camping grounds, recreational vehicle parks and trailer parks',ITE2,Umbria,2021,807153
A,Annual,IT,Italy,AR,Arrivals,N,Raw data,ALL,Total collective accommodation establishments,551_553,'Hotels and similar accommodation, holiday and other short-stay accommodation, camping grounds, recreational vehicle parks and trailer parks',ITE2,Umbria,2022,1060803
A,Annual,IT,Italy,AR,Arrivals,N,Raw data,ALL,Total collective accommodation establishments,551_553,'Hotels and similar accommodation, holiday and other short-stay accommodation, camping grounds, recreational vehicle parks and trailer parks',ITE2,Umbria,2023,1170492
A,Annual,IT,Italy,AR,Arrivals,N,Raw data,ALL,Total collective accommodation establishments,551_553,'Hotels and similar accommodation, holiday and other short-stay accommodation, camping grounds, recreational vehicle parks and trailer parks',ITE2,Umbria,2024,1159745
A,Annual,IT,Italy,AR,Arrivals,N,Raw data,ALL,Total collective accommodation establishments,551_553,'Hotels and similar accommodation, holiday and other short-stay accommodation, camping grounds, recreational vehicle parks and trailer parks',ITE3,Marche,2011,1539475
A,Annual,IT,Italy,AR,Arrivals,N,Raw data,ALL,Total collective accommodation establishments,551_553,'Hotels and similar accommodation, holiday and other short-stay accommodation, camping grounds, recreational vehicle parks and trailer parks',ITE3,Marche,2012,1491991
A,Annual,IT,Italy,AR,Arrivals,N,Raw data,ALL,Total collective accommodation establishments,551_553,'Hotels and similar accommodation, holiday and other short-stay accommodation, camping grounds, recreational vehicle parks and trailer parks',ITE3,Marche,2013,1472683
A,Annual,IT,Italy,AR,Arrivals,N,Raw data,ALL,Total collective accommodation establishments,551_553,'Hotels and similar accommodation, holiday and other short-stay accommodation, camping grounds, recreational vehicle parks and trailer parks',ITE3,Marche,2014,1534604
A,Annual,IT,Italy,AR,Arrivals,N,Raw data,ALL,Total collective accommodation establishments,551_553,'Hotels and similar accommodation, holiday and other short-stay accommodation, camping grounds, recreational vehicle parks and trailer parks',ITE3,Marche,2015,1683488
A,Annual,IT,Italy,AR,Arrivals,N,Raw data,ALL,Total collective accommodation establishments,551_553,'Hotels and similar accommodation, holiday and other short-stay accommodation, camping grounds, recreational vehicle parks and trailer parks',ITE3,Marche,2016,1508069
A,Annual,IT,Italy,AR,Arrivals,N,Raw data,ALL,Total collective accommodation establishments,551_553,'Hotels and similar accommodation, holiday and other short-stay accommodation, camping grounds, recreational vehicle parks and trailer parks',ITE3,Marche,2017,1587791
A,Annual,IT,Italy,AR,Arrivals,N,Raw data,ALL,Total collective accommodation establishments,551_553,'Hotels and similar accommodation, holiday and other short-stay accommodation, camping grounds, recreational vehicle parks and trailer parks',ITE3,Marche,2018,1618306
A,Annual,IT,Italy,AR,Arrivals,N,Raw data,ALL,Total collective accommodation establishments,551_553,'Hotels and similar accommodation, holiday and other short-stay accommodation, camping grounds, recreational vehicle parks and trailer parks',ITE3,Marche,2019,1662787
A,Annual,IT,Italy,AR,Arrivals,N,Raw data,ALL,Total collective accommodation establishments,551_553,'Hotels and similar accommodation, holiday and other short-stay accommodation, camping grounds, recreational vehicle parks and trailer parks',ITE3,Marche,2020,877092
A,Annual,IT,Italy,AR,Arrivals,N,Raw data,ALL,Total collective accommodation establishments,551_553,'Hotels and similar accommodation, holiday and other short-stay accommodation, camping grounds, recreational vehicle parks and trailer parks',ITE3,Marche,2021,1197191
A,Annual,IT,Italy,AR,Arrivals,N,Raw data,ALL,Total collective accommodation establishments,551_553,'Hotels and similar accommodation, holiday and other short-stay accommodation, camping grounds, recreational vehicle parks and trailer parks',ITE3,Marche,2022,1546865
A,Annual,IT,Italy,AR,Arrivals,N,Raw data,ALL,Total collective accommodation establishments,551_553,'Hotels and similar accommodation, holiday and other short-stay accommodation, camping grounds, recreational vehicle parks and trailer parks',ITE3,Marche,2023,1661157
A,Annual,IT,Italy,AR,Arrivals,N,Raw data,ALL,Total collective accommodation establishments,551_553,'Hotels and similar accommodation, holiday and other short-stay accommodation, camping grounds, recreational vehicle parks and trailer parks',ITE3,Marche,2024,1695177
A,Annual,IT,Italy,AR,Arrivals,N,Raw data,ALL,Total collective accommodation establishments,551_553,'Hotels and similar accommodation, holiday and other short-stay accommodation, camping grounds, recreational vehicle parks and trailer parks',ITE4,Lazio,2011,5544540
A,Annual,IT,Italy,AR,Arrivals,N,Raw data,ALL,Total collective accommodation establishments,551_553,'Hotels and similar accommodation, holiday and other short-stay accommodation, camping grounds, recreational vehicle parks and trailer parks',ITE4,Lazio,2012,5367501
A,Annual,IT,Italy,AR,Arrivals,N,Raw data,ALL,Total collective accommodation establishments,551_553,'Hotels and similar accommodation, holiday and other short-stay accommodation, camping grounds, recreational vehicle parks and trailer parks',ITE4,Lazio,2013,5122623
A,Annual,IT,Italy,AR,Arrivals,N,Raw data,ALL,Total collective accommodation establishments,551_553,'Hotels and similar accommodation, holiday and other short-stay accommodation, camping grounds, recreational vehicle parks and trailer parks',ITE4,Lazio,2014,5194154
A,Annual,IT,Italy,AR,Arrivals,N,Raw data,ALL,Total collective accommodation establishments,551_553,'Hotels and similar accommodation, holiday and other short-stay accommodation, camping grounds, recreational vehicle parks and trailer parks',ITE4,Lazio,2015,5670523
A,Annual,IT,Italy,AR,Arrivals,N,Raw data,ALL,Total collective accommodation establishments,551_553,'Hotels and similar accommodation, holiday and other short-stay accommodation, camping grounds, recreational vehicle parks and trailer parks',ITE4,Lazio,2016,6009480
A,Annual,IT,Italy,AR,Arrivals,N,Raw data,ALL,Total collective accommodation establishments,551_553,'Hotels and similar accommodation, holiday and other short-stay accommodation, camping grounds, recreational vehicle parks and trailer parks',ITE4,Lazio,2017,6345132
A,Annual,IT,Italy,AR,Arrivals,N,Raw data,ALL,Total collective accommodation establishments,551_553,'Hotels and similar accommodation, holiday and other short-stay accommodation, camping grounds, recreational vehicle parks and trailer parks',ITE4,Lazio,2018,6748834
A,Annual,IT,Italy,AR,Arrivals,N,Raw data,ALL,Total collective accommodation establishments,551_553,'Hotels and similar accommodation, holiday and other short-stay accommodation, camping grounds, recreational vehicle parks and trailer parks',ITE4,Lazio,2019,6876471
A,Annual,IT,Italy,AR,Arrivals,N,Raw data,ALL,Total collective accommodation establishments,551_553,'Hotels and similar accommodation, holiday and other short-stay accommodation, camping grounds, recreational vehicle parks and trailer parks',ITE4,Lazio,2020,3518882
A,Annual,IT,Italy,AR,Arrivals,N,Raw data,ALL,Total collective accommodation establishments,551_553,'Hotels and similar accommodation, holiday and other short-stay accommodation, camping grounds, recreational vehicle parks and trailer parks',ITE4,Lazio,2021,4745296
A,Annual,IT,Italy,AR,Arrivals,N,Raw data,ALL,Total collective accommodation establishments,551_553,'Hotels and similar accommodation, holiday and other short-stay accommodation, camping grounds, recreational vehicle parks and trailer parks',ITE4,Lazio,2022,6237446
A,Annual,IT,Italy,AR,Arrivals,N,Raw data,ALL,Total collective accommodation establishments,551_553,'Hotels and similar accommodation, holiday and other short-stay accommodation, camping grounds, recreational vehicle parks and trailer parks',ITE4,Lazio,2023,6626427
A,Annual,IT,Italy,AR,Arrivals,N,Raw data,ALL,Total collective accommodation establishments,551_553,'Hotels and similar accommodation, holiday and other short-stay accommodation, camping grounds, recreational vehicle parks and trailer parks',ITE4,Lazio,2024,6572487
A,Annual,IT,Italy,AR,Arrivals,N,Raw data,ALL,Total collective accommodation establishments,551_553,'Hotels and similar accommodation, holiday and other short-stay accommodation, camping grounds, recreational vehicle parks and trailer parks',ITF1,Abruzzo,2011,957033
A,Annual,IT,Italy,AR,Arrivals,N,Raw data,ALL,Total collective accommodation establishments,551_553,'Hotels and similar accommodation, holiday and other short-stay accommodation, camping grounds, recreational vehicle parks and trailer parks',ITF1,Abruzzo,2012,929495
A,Annual,IT,Italy,AR,Arrivals,N,Raw data,ALL,Total collective accommodation establishments,551_553,'Hotels and similar accommodation, holiday and other short-stay accommodation, camping grounds, recreational vehicle parks and trailer parks',ITF1,Abruzzo,2013,887904
A,Annual,IT,Italy,AR,Arrivals,N,Raw data,ALL,Total collective accommodation establishments,551_553,'Hotels and similar accommodation, holiday and other short-stay accommodation, camping grounds, recreational vehicle parks and trailer parks',ITF1,Abruzzo,2014,919549
A,Annual,IT,Italy,AR,Arrivals,N,Raw data,ALL,Total collective accommodation establishments,551_553,'Hotels and similar accommodation, holiday and other short-stay accommodation, camping grounds, recreational vehicle parks and trailer parks',ITF1,Abruzzo,2015,1005595
A,Annual,IT,Italy,AR,Arrivals,N,Raw data,ALL,Total collective accommodation establishments,551_553,'Hotels and similar accommodation, holiday and other short-stay accommodation, camping grounds, recreational vehicle parks and trailer parks',ITF1,Abruzzo,2016,1054634
A,Annual,IT,Italy,AR,Arrivals,N,Raw data,ALL,Total collective accommodation establishments,551_553,'Hotels and similar accommodation, holiday and other short-stay accommodation, camping grounds, recreational vehicle parks and trailer parks',ITF1,Abruzzo,2017,1123044
A,Annual,IT,Italy,AR,Arrivals,N,Raw data,ALL,Total collective accommodation establishments,551_553,'Hotels and similar accommodation, holiday and other short-stay accommodation, camping grounds, recreational vehicle parks and trailer parks',ITF1,Abruzzo,2018,1196641
A,Annual,IT,Italy,AR,Arrivals,N,Raw data,ALL,Total collective accommodation establishments,551_553,'Hotels and similar accommodation, holiday and other short-stay accommodation, camping grounds, recreational vehicle parks and trailer parks',ITF1,Abruzzo,2019,1217085
A,Annual,IT,Italy,AR,Arrivals,N,Raw data,ALL,Total collective accommodation establishments,551_553,'Hotels and similar accommodation, holiday and other short-stay accommodation, camping grounds, recreational vehicle parks and trailer parks',ITF1,Abruzzo,2020,604332
A,Annual,IT,Italy,AR,Arrivals,N,Raw data,ALL,Total collective accommodation establishments,551_553,'Hotels and similar accommodation, holiday and other short-stay accommodation, camping grounds, recreational vehicle parks and trailer parks',ITF1,Abruzzo,2021,891648
A,Annual,IT,Italy,AR,Arrivals,N,Raw data,ALL,Total collective accommodation establishments,551_553,'Hotels and similar accommodation, holiday and other short-stay accommodation, camping grounds, recreational vehicle parks and trailer parks',ITF1,Abruzzo,2022,1130109
A,Annual,IT,Italy,AR,Arrivals,N,Raw data,ALL,Total collective accommodation establishments,551_553,'Hotels and similar accommodation, holiday and other short-stay accommodation, camping grounds, recreational vehicle parks and trailer parks',ITF1,Abruzzo,2023,1208561
A,Annual,IT,Italy,AR,Arrivals,N,Raw data,ALL,Total collective accommodation establishments,551_553,'Hotels and similar accommodation, holiday and other short-stay accommodation, camping grounds, recreational vehicle parks and trailer parks',ITF1,Abruzzo,2024,1222376
A,Annual,IT,Italy,AR,Arrivals,N,Raw data,ALL,Total collective accommodation establishments,551_553,'Hotels and similar accommodation, holiday and other short-stay accommodation, camping grounds, recreational vehicle parks and trailer parks',ITF2,Molise,2011,812521
A,Annual,IT,Italy,AR,Arrivals,N,Raw data,ALL,Total collective accommodation establishments,551_553,'Hotels and similar accommodation, holiday and other short-stay accommodation, camping grounds, recreational vehicle parks and trailer parks',ITF2,Molise,2012,820623
A,Annual,IT,Italy,AR,Arrivals,N,Raw data,ALL,Total collective accommodation establishments,551_553,'Hotels and similar accommodation, holiday and other short-stay accommodation, camping grounds, recreational vehicle parks and trailer parks',ITF2,Molise,2013,728565
A,Annual,IT,Italy,AR,Arrivals,N,Raw data,ALL,Total collective accommodation establishments,551_553,'Hotels and similar accommodation, holiday and other short-stay accommodation, camping grounds, recreational vehicle parks and trailer parks',ITF2,Molise,2014,737708
A,Annual,IT,Italy,AR,Arrivals,N,Raw data,ALL,Total collective accommodation establishments,551_553,'Hotels and similar accommodation, holiday and other short-stay accommodation, camping grounds, recreational vehicle parks and trailer parks',ITF2,Molise,2015,820340
A,Annual,IT,Italy,AR,Arrivals,N,Raw data,ALL,Total collective accommodation establishments,551_553,'Hotels and similar accommodation, holiday and other short-stay accommodation, camping grounds, recreational vehicle parks and trailer parks',ITF2,Molise,2016,219613
A,Annual,IT,Italy,AR,Arrivals,N,Raw data,ALL,Total collective accommodation establishments,551_553,'Hotels and similar accommodation, holiday and other short-stay accommodation, camping grounds, recreational vehicle parks and trailer parks',ITF2,Molise,2017,237925
A,Annual,IT,Italy,AR,Arrivals,N,Raw data,ALL,Total collective accommodation establishments,551_553,'Hotels and similar accommodation, holiday and other short-stay accommodation, camping grounds, recreational vehicle parks and trailer parks',ITF2,Molise,2018,251630
A,Annual,IT,Italy,AR,Arrivals,N,Raw data,ALL,Total collective accommodation establishments,551_553,'Hotels and similar accommodation, holiday and other short-stay accommodation, camping grounds, recreational vehicle parks and trailer parks',ITF2,Molise,2019,259643
A,Annual,IT,Italy,AR,Arrivals,N,Raw data,ALL,Total collective accommodation establishments,551_553,'Hotels and similar accommodation, holiday and other short-stay accommodation, camping grounds, recreational vehicle parks and trailer parks',ITF2,Molise,2020,121311
A,Annual,IT,Italy,AR,Arrivals,N,Raw data,ALL,Total collective accommodation establishments,551_553,'Hotels and similar accommodation, holiday and other short-stay accommodation, camping grounds, recreational vehicle parks and trailer parks',ITF2,Molise,2021,177785
A,Annual,IT,Italy,AR,Arrivals,N,Raw data,ALL,Total collective accommodation establishments,551_553,'Hotels and similar accommodation, holiday and other short-stay accommodation, camping grounds, recreational vehicle parks and trailer parks',ITF2,Molise,2022,236581
A,Annual,IT,Italy,AR,Arrivals,N,Raw data,ALL,Total collective accommodation establishments,551_553,'Hotels and similar accommodation, holiday and other short-stay accommodation, camping grounds, recreational vehicle parks and trailer parks',ITF2,Molise,2023,257141
A,Annual,IT,Italy,AR,Arrivals,N,Raw data,ALL,Total collective accommodation establishments,551_553,'Hotels and similar accommodation, holiday and other short-stay accommodation, camping grounds, recreational vehicle parks and trailer parks',ITF2,Molise,2024,261388
A,Annual,IT,Italy,AR,Arrivals,N,Raw data,ALL,Total collective accommodation establishments,551_553,'Hotels and similar accommodation, holiday and other short-stay accommodation, camping grounds, recreational vehicle parks and trailer parks',ITF3,Campania,2011,3797236
A,Annual,IT,Italy,AR,Arrivals,N,Raw data,ALL,Total collective accommodation establishments,551_553,'Hotels and similar accommodation, holiday and other short-stay accommodation, camping grounds, recreational vehicle parks and trailer parks',ITF3,Campania,2012,3610689
A,Annual,IT,Italy,AR,Arrivals,N,Raw data,ALL,Total collective accommodation establishments,551_553,'Hotels and similar accommodation, holiday and other short-stay accommodation, camping grounds, recreational vehicle parks and trailer parks',ITF3,Campania,2013,3496990
A,Annual,IT,Italy,AR,Arrivals,N,Raw data,ALL,Total collective accommodation establishments,551_553,'Hotels and similar accommodation, holiday and other short-stay accommodation, camping grounds, recreational vehicle parks and trailer parks',ITF3,Campania,2014,3598157
A,Annual,IT,Italy,AR,Arrivals,N,Raw data,ALL,Total collective accommodation establishments,551_553,'Hotels and similar accommodation, holiday and other short-stay accommodation, camping grounds, recreational vehicle parks and trailer parks',ITF3,Campania,2015,3894704
A,Annual,IT,Italy,AR,Arrivals,N,Raw data,ALL,Total collective accommodation establishments,551_553,'Hotels and similar accommodation, holiday and other short-stay accommodation, camping grounds, recreational vehicle parks and trailer parks',ITF3,Campania,2016,4479296
A,Annual,IT,Italy,AR,Arrivals,N,Raw data,ALL,Total collective accommodation establishments,551_553,'Hotels and similar accommodation, holiday and other short-stay accommodation, camping grounds, recreational vehicle parks and trailer parks',ITF3,Campania,2017,4704783
A,Annual,IT,Italy,AR,Arrivals,N,Raw data,ALL,Total collective accommodation establishments,551_553,'Hotels and similar accommodation, holiday and other short-stay accommodation, camping grounds, recreational vehicle parks and trailer parks',ITF3,Campania,2018,5057459
A,Annual,IT,Italy,AR,Arrivals,N,Raw data,ALL,Total collective accommodation establishments,551_553,'Hotels and similar accommodation, holiday and other short-stay accommodation, camping grounds, recreational vehicle parks and trailer parks',ITF3,Campania,2019,5262173
A,Annual,IT,Italy,AR,Arrivals,N,Raw data,ALL,Total collective accommodation establishments,551_553,'Hotels and similar accommodation, holiday and other short-stay accommodation, camping grounds, recreational vehicle parks and trailer parks',ITF3,Campania,2020,2960220
A,Annual,IT,Italy,AR,Arrivals,N,Raw data,ALL,Total collective accommodation establishments,551_553,'Hotels and similar accommodation, holiday and other short-stay accommodation, camping grounds, recreational vehicle parks and trailer parks',ITF3,Campania,2021,3974656
A,Annual,IT,Italy,AR,Arrivals,N,Raw data,ALL,Total collective accommodation establishments,551_553,'Hotels and similar accommodation, holiday and other short-stay accommodation, camping grounds, recreational vehicle parks and trailer parks',ITF3,Campania,2022,4915869
A,Annual,IT,Italy,AR,Arrivals,N,Raw data,ALL,Total collective accommodation establishments,551_553,'Hotels and similar accommodation, holiday and other short-stay accommodation, camping grounds, recreational vehicle parks and trailer parks',ITF3,Campania,2023,5263307
A,Annual,IT,Italy,AR,Arrivals,N,Raw data,ALL,Total collective accommodation establishments,551_553,'Hotels and similar accommodation, holiday and other short-stay accommodation, camping grounds, recreational vehicle parks and trailer parks',ITF3,Campania,2024,5211059
A,Annual,IT,Italy,AR,Arrivals,N,Raw data,ALL,Total collective accommodation establishments,551_553,'Hotels and similar accommodation, holiday and other short-stay accommodation, camping grounds, recreational vehicle parks and trailer parks',ITF4,Puglia,2011,2633665
A,Annual,IT,Italy,AR,Arrivals,N,Raw data,ALL,Total collective accommodation establishments,551_553,'Hotels and similar accommodation, holiday and other short-stay accommodation, camping grounds, recreational vehicle parks and trailer parks',ITF4,Puglia,2012,2580570
A,Annual,IT,Italy,AR,Arrivals,N,Raw data,ALL,Total collective accommodation establishments,551_553,'Hotels and similar accommodation, holiday and other short-stay accommodation, camping grounds, recreational vehicle parks and trailer parks',ITF4,Puglia,2013,2537147
A,Annual,IT,Italy,AR,Arrivals,N,Raw data,ALL,Total collective accommodation establishments,551_553,'Hotels and similar accommodation, holiday and other short-stay accommodation, camping grounds, recreational vehicle parks and trailer parks',ITF4,Puglia,2014,2607288
A,Annual,IT,Italy,AR,Arrivals,N,Raw data,ALL,Total collective accommodation establishments,551_553,'Hotels and similar accommodation, holiday and other short-stay accommodation, camping grounds, recreational vehicle parks and trailer parks',ITF4,Puglia,2015,2822965
A,Annual,IT,Italy,AR,Arrivals,N,Raw data,ALL,Total collective accommodation establishments,551_553,'Hotels and similar accommodation, holiday and other short-stay accommodation, camping grounds, recreational vehicle parks and trailer parks',ITF4,Puglia,2016,3013065
A,Annual,IT,Italy,AR,Arrivals,N,Raw data,ALL,Total collective accommodation establishments,551_553,'Hotels and similar accommodation, holiday and other short-stay accommodation, camping grounds, recreational vehicle parks and trailer parks',ITF4,Puglia,2017,3208714
A,Annual,IT,Italy,AR,Arrivals,N,Raw data,ALL,Total collective accommodation establishments,551_553,'Hotels and similar accommodation, holiday and other short-stay accommodation, camping grounds, recreational vehicle parks and trailer parks',ITF4,Puglia,2018,3424226
A,Annual,IT,Italy,AR,Arrivals,N,Raw data,ALL,Total collective accommodation establishments,551_553,'Hotels and similar accommodation, holiday and other short-stay accommodation, camping grounds, recreational vehicle parks and trailer parks',ITF4,Puglia,2019,3457577
A,Annual,IT,Italy,AR,Arrivals,N,Raw data,ALL,Total collective accommodation establishments,551_553,'Hotels and similar accommodation, holiday and other short-stay accommodation, camping grounds, recreational vehicle parks and trailer parks',ITF4,Puglia,2020,1860188
A,Annual,IT,Italy,AR,Arrivals,N,Raw data,ALL,Total collective accommodation establishments,551_553,'Hotels and similar accommodation, holiday and other short-stay accommodation, camping grounds, recreational vehicle parks and trailer parks',ITF4,Puglia,2021,2625022
A,Annual,IT,Italy,AR,Arrivals,N,Raw data,ALL,Total collective accommodation establishments,551_553,'Hotels and similar accommodation, holiday and other short-stay accommodation, camping grounds, recreational vehicle parks and trailer parks',ITF4,Puglia,2022,3366723
A,Annual,IT,Italy,AR,Arrivals,N,Raw data,ALL,Total collective accommodation establishments,551_553,'Hotels and similar accommodation, holiday and other short-stay accommodation, camping grounds, recreational vehicle parks and trailer parks',ITF4,Puglia,2023,3518982
A,Annual,IT,Italy,AR,Arrivals,N,Raw data,ALL,Total collective accommodation establishments,551_553,'Hotels and similar accommodation, holiday and other short-stay accommodation, camping grounds, recreational vehicle parks and trailer parks',ITF4,Puglia,2024,3564211
A,Annual,IT,Italy,AR,Arrivals,N,Raw data,ALL,Total collective accommodation establishments,551_553,'Hotels and similar accommodation, holiday and other short-stay accommodation, camping grounds, recreational vehicle parks and trailer parks',ITF5,Basilicata,2011,464869
A,Annual,IT,Italy,AR,Arrivals,N,Raw data,ALL,Total collective accommodation establishments,551_553,'Hotels and similar accommodation, holiday and other short-stay accommodation, camping grounds, recreational vehicle parks and trailer parks',ITF5,Basilicata,2012,448453
A,Annual,IT,Italy,AR,Arrivals,N,Raw data,ALL,Total collective accommodation establishments,551_553,'Hotels and similar accommodation, holiday and other short-stay accommodation, camping grounds, recreational vehicle parks and trailer parks',ITF5,Basilicata,2013,425993
A,Annual,IT,Italy,AR,Arrivals,N,Raw data,ALL,Total collective accommodation establishments,551_553,'Hotels and similar accommodation, holiday and other short-stay accommodation, camping grounds, recreational vehicle parks and trailer parks',ITF5,Basilicata,2014,439047
A,Annual,IT,Italy,AR,Arrivals,N,Raw data,ALL,Total collective accommodation establishments,551_553,'Hotels and similar accommodation, holiday and other short-stay accommodation, camping grounds, recreational vehicle parks and trailer parks',ITF5,Basilicata,2015,451507
A,Annual,IT,Italy,AR,Arrivals,N,Raw data,ALL,Total collective accommodation establishments,551_553,'Hotels and similar accommodation, holiday and other short-stay accommodation, camping grounds, recreational vehicle parks and trailer parks',ITF5,Basilicata,2016,417797
A,Annual,IT,Italy,AR,Arrivals,N,Raw data,ALL,Total collective accommodation establishments,551_553,'Hotels and similar accommodation, holiday and other short-stay accommodation, camping grounds, recreational vehicle parks and trailer parks',ITF5,Basilicata,2017,454802
A,Annual,IT,Italy,AR,Arrivals,N,Raw data,ALL,Total collective accommodation establishments,551_553,'Hotels and similar accommodation, holiday and other short-stay accommodation, camping grounds, recreational vehicle parks and trailer parks',ITF5,Basilicata,2018,487877
A,Annual,IT,Italy,AR,Arrivals,N,Raw data,ALL,Total collective accommodation establishments,551_553,'Hotels and similar accommodation, holiday and other short-stay accommodation, camping grounds, recreational vehicle parks and trailer parks',ITF5,Basilicata,2019,484325
A,Annual,IT,Italy,AR,Arrivals,N,Raw data,ALL,Total collective accommodation establishments,551_553,'Hotels and similar accommodation, holiday and other short-stay accommodation, camping grounds, recreational vehicle parks and trailer parks',ITF5,Basilicata,2020,231559
A,Annual,IT,Italy,AR,Arrivals,N,Raw data,ALL,Total collective accommodation establishments,551_553,'Hotels and similar accommodation, holiday and other short-stay accommodation, camping grounds, recreational vehicle parks and trailer parks',ITF5,Basilicata,2021,333834
A,Annual,IT,Italy,AR,Arrivals,N,Raw data,ALL,Total collective accommodation establishments,551_553,'Hotels and similar accommodation, holiday and other short-stay accommodation, camping grounds, recreational vehicle parks and trailer parks',ITF5,Basilicata,2022,444459
A,Annual,IT,Italy,AR,Arrivals,N,Raw data,ALL,Total collective accommodation establishments,551_553,'Hotels and similar accommodation, holiday and other short-stay accommodation, camping grounds, recreational vehicle parks and trailer parks',ITF5,Basilicata,2023,475623
A,Annual,IT,Italy,AR,Arrivals,N,Raw data,ALL,Total collective accommodation establishments,551_553,'Hotels and similar accommodation, holiday and other short-stay accommodation, camping grounds, recreational vehicle parks and trailer parks',ITF5,Basilicata,2024,488620
A,Annual,IT,Italy,AR,Arrivals,N,Raw data,ALL,Total collective accommodation establishments,551_553,'Hotels and similar accommodation, holiday and other short-stay accommodation, camping grounds, recreational vehicle parks and trailer parks',ITF6,Calabria,2011,1136190
A,Annual,IT,Italy,AR,Arrivals,N,Raw data,ALL,Total collective accommodation establishments,551_553,'Hotels and similar accommodation, holiday and other short-stay accommodation, camping grounds, recreational vehicle parks and trailer parks',ITF6,Calabria,2012,1128053
A,Annual,IT,Italy,AR,Arrivals,N,Raw data,ALL,Total collective accommodation establishments,551_553,'Hotels and similar accommodation, holiday and other short-stay accommodation, camping grounds, recreational vehicle parks and trailer parks',ITF6,Calabria,2013,1071049
A,Annual,IT,Italy,AR,Arrivals,N,Raw data,ALL,Total collective accommodation establishments,551_553,'Hotels and similar accommodation, holiday and other short-stay accommodation, camping grounds, recreational vehicle parks and trailer parks',ITF6,Calabria,2014,1103900
A,Annual,IT,Italy,AR,Arrivals,N,Raw data,ALL,Total collective accommodation establishments,551_553,'Hotels and similar accommodation, holiday and other short-stay accommodation, camping grounds, recreational vehicle parks and trailer parks',ITF6,Calabria,2015,1198647
A,Annual,IT,Italy,AR,Arrivals,N,Raw data,ALL,Total collective accommodation establishments,551_553,'Hotels and similar accommodation, holiday and other short-stay accommodation, camping grounds, recreational vehicle parks and trailer parks',ITF6,Calabria,2016,1226263
A,Annual,IT,Italy,AR,Arrivals,N,Raw data,ALL,Total collective accommodation establishments,551_553,'Hotels and similar accommodation, holiday and other short-stay accommodation, camping grounds, recreational vehicle parks and trailer parks',ITF6,Calabria,2017,1331211
A,Annual,IT,Italy,AR,Arrivals,N,Raw data,ALL,Total collective accommodation establishments,551_553,'Hotels and similar accommodation, holiday and other short-stay accommodation, camping grounds, recreational vehicle parks and trailer parks',ITF6,Calabria,2018,1415817
A,Annual,IT,Italy,AR,Arrivals,N,Raw data,ALL,Total collective accommodation establishments,551_553,'Hotels and similar accommodation, holiday and other short-stay accommodation, camping grounds, recreational vehicle parks and trailer parks',ITF6,Calabria,2019,1443898
A,Annual,IT,Italy,AR,Arrivals,N,Raw data,ALL,Total collective accommodation establishments,551_553,'Hotels and similar accommodation, holiday and other short-stay accommodation, camping grounds, recreational vehicle parks and trailer parks',ITF6,Calabria,2020,650637
A,Annual,IT,Italy,AR,Arrivals,N,Raw data,ALL,Total collective accommodation establishments,551_553,'Hotels and similar accommodation, holiday and other short-stay accommodation, camping grounds, recreational vehicle parks and trailer parks',ITF6,Calabria,2021,971312
A,Annual,IT,Italy,AR,Arrivals,N,Raw data,ALL,Total collective accommodation establishments,551_553,'Hotels and similar accommodation, holiday and other short-stay accommodation, camping grounds, recreational vehicle parks and trailer parks',ITF6,Calabria,2022,1297673
A,Annual,IT,Italy,AR,Arrivals,N,Raw data,ALL,Total collective accommodation establishments,551_553,'Hotels and similar accommodation, holiday and other short-stay accommodation, camping grounds, recreational vehicle parks and trailer parks',ITF6,Calabria,2023,1406587
A,Annual,IT,Italy,AR,Arrivals,N,Raw data,ALL,Total collective accommodation establishments,551_553,'Hotels and similar accommodation, holiday and other short-stay accommodation, camping grounds, recreational vehicle parks and trailer parks',ITF6,Calabria,2024,1408087
A,Annual,IT,Italy,AR,Arrivals,N,Raw data,ALL,Total collective accommodation establishments,551_553,'Hotels and similar accommodation, holiday and other short-stay accommodation, camping grounds, recreational vehicle parks and trailer parks',ITG1,Sicilia,2011,2738490
A,Annual,IT,Italy,AR,Arrivals,N,Raw data,ALL,Total collective accommodation establishments,551_553,'Hotels and similar accommodation, holiday and other short-stay accommodation, camping grounds, recreational vehicle parks and trailer parks',ITG1,Sicilia,2012,2720414
A,Annual,IT,Italy,AR,Arrivals,N,Raw data,ALL,Total collective accommodation establishments,551_553,'Hotels and similar accommodation, holiday and other short-stay accommodation, camping grounds, recreational vehicle parks and trailer parks',ITG1,Sicilia,2013,2607435
A,Annual,IT,Italy,AR,Arrivals,N,Raw data,ALL,Total collective accommodation establishments,551_553,'Hotels and similar accommodation, holiday and other short-stay accommodation, camping grounds, recreational vehicle parks and trailer parks',ITG1,Sicilia,2014,2645299
A,Annual,IT,Italy,AR,Arrivals,N,Raw data,ALL,Total collective accommodation establishments,551_553,'Hotels and similar accommodation, holiday and other short-stay accommodation, camping grounds, recreational vehicle parks and trailer parks',ITG1,Sicilia,2015,2721973
A,Annual,IT,Italy,AR,Arrivals,N,Raw data,ALL,Total collective accommodation establishments,551_553,'Hotels and similar accommodation, holiday and other short-stay accommodation, camping grounds, recreational vehicle parks and trailer parks',ITG1,Sicilia,2016,2953796
A,Annual,IT,Italy,AR,Arrivals,N,Raw data,ALL,Total collective accommodation establishments,551_553,'Hotels and similar accommodation, holiday and other short-stay accommodation, camping grounds, recreational vehicle parks and trailer parks',ITG1,Sicilia,2017,3104145
A,Annual,IT,Italy,AR,Arrivals,N,Raw data,ALL,Total collective accommodation establishments,551_553,'Hotels and similar accommodation, holiday and other short-stay accommodation, camping grounds, recreational vehicle parks and trailer parks',ITG1,Sicilia,2018,3151242
A,Annual,IT,Italy,AR,Arrivals,N,Raw data,ALL,Total collective accommodation establishments,551_553,'Hotels and similar accommodation, holiday and other short-stay accommodation, camping grounds, recreational vehicle parks and trailer parks',ITG1,Sicilia,2019,3321768
A,Annual,IT,Italy,AR,Arrivals,N,Raw data,ALL,Total collective accommodation establishments,551_553,'Hotels and similar accommodation, holiday and other short-stay accommodation, camping grounds, recreational vehicle parks and trailer parks',ITG1,Sicilia,2020,1794214
A,Annual,IT,Italy,AR,Arrivals,N,Raw data,ALL,Total collective accommodation establishments,551_553,'Hotels and similar accommodation, holiday and other short-stay accommodation, camping grounds, recreational vehicle parks and trailer parks',ITG1,Sicilia,2021,2437607
A,Annual,IT,Italy,AR,Arrivals,N,Raw data,ALL,Total collective accommodation establishments,551_553,'Hotels and similar accommodation, holiday and other short-stay accommodation, camping grounds, recreational vehicle parks and trailer parks',ITG1,Sicilia,2022,3267461
A,Annual,IT,Italy,AR,Arrivals,N,Raw data,ALL,Total collective accommodation establishments,551_553,'Hotels and similar accommodation, holiday and other short-stay accommodation, camping grounds, recreational vehicle parks and trailer parks',ITG1,Sicilia,2023,3388374
A,Annual,IT,Italy,AR,Arrivals,N,Raw data,ALL,Total collective accommodation establishments,551_553,'Hotels and similar accommodation, holiday and other short-stay accommodation, camping grounds, recreational vehicle parks and trailer parks',ITG1,Sicilia,2024,3448842
A,Annual,IT,Italy,AR,Arrivals,N,Raw data,ALL,Total collective accommodation establishments,551_553,'Hotels and similar accommodation, holiday and other short-stay accommodation, camping grounds, recreational vehicle parks and trailer parks',ITG2,Sardegna,2011,863506
A,Annual,IT,Italy,AR,Arrivals,N,Raw data,ALL,Total collective accommodation establishments,551_553,'Hotels and similar accommodation, holiday and other short-stay accommodation, camping grounds, recreational vehicle parks and trailer parks',ITG2,Sardegna,2012,831189
A,Annual,IT,Italy,AR,Arrivals,N,Raw data,ALL,Total collective accommodation establishments,551_553,'Hotels and similar accommodation, holiday and other short-stay accommodation, camping grounds, recreational vehicle parks and trailer parks',ITG2,Sardegna,2013,808359
A,Annual,IT,Italy,AR,Arrivals,N,Raw data,ALL,Total collective accommodation establishments,551_553,'Hotels and similar accommodation, holiday and other short-stay accommodation, camping grounds, recreational vehicle parks and trailer parks',ITG2,Sardegna,2014,888681
A,Annual,IT,Italy,AR,Arrivals,N,Raw data,ALL,Total collective accommodation establishments,551_553,'Hotels and similar accommodation, holiday and other short-stay accommodation, camping grounds, recreational vehicle parks and trailer parks',ITG2,Sardegna,2015,942739
A,Annual,IT,Italy,AR,Arrivals,N,Raw data,ALL,Total collective accommodation establishments,551_553,'Hotels and similar accommodation, holiday and other short-stay accommodation, camping grounds, recreational vehicle parks and trailer parks',ITG2,Sardegna,2016,1024647
A,Annual,IT,Italy,AR,Arrivals,N,Raw data,ALL,Total collective accommodation establishments,551_553,'Hotels and similar accommodation, holiday and other short-stay accommodation, camping grounds, recreational vehicle parks and trailer parks',ITG2,Sardegna,2017,1107663
A,Annual,IT,Italy,AR,Arrivals,N,Raw data,ALL,Total collective accommodation establishments,551_553,'Hotels and similar accommodation, holiday and other short-stay accommodation, camping grounds, recreational vehicle parks and trailer parks',ITG2,Sardegna,2018,1151268
A,Annual,IT,Italy,AR,Arrivals,N,Raw data,ALL,Total collective accommodation establishments,551_553,'Hotels and similar accommodation, holiday and other short-stay accommodation, camping grounds, recreational vehicle parks and trailer parks',ITG2,Sardegna,2019,1172777
A,Annual,IT,Italy,AR,Arrivals,N,Raw data,ALL,Total collective accommodation establishments,551_553,'Hotels and similar accommodation, holiday and other short-stay accommodation, camping grounds, recreational vehicle parks and trailer parks',ITG2,Sardegna,2020,673192
A,Annual,IT,Italy,AR,Arrivals,N,Raw data,ALL,Total collective accommodation establishments,551_553,'Hotels and similar accommodation, holiday and other short-stay accommodation, camping grounds, recreational vehicle parks and trailer parks',ITG2,Sardegna,2021,903204
A,Annual,IT,Italy,AR,Arrivals,N,Raw data,ALL,Total collective accommodation establishments,551_553,'Hotels and similar accommodation, holiday and other short-stay accommodation, camping grounds, recreational vehicle parks and trailer parks',ITG2,Sardegna,2022,1183211
A,Annual,IT,Italy,AR,Arrivals,N,Raw data,ALL,Total collective accommodation establishments,551_553,'Hotels and similar accommodation, holiday and other short-stay accommodation, camping grounds, recreational vehicle parks and trailer parks',ITG2,Sardegna,2023,1225262
A,Annual,IT,Italy,AR,Arrivals,N,Raw data,ALL,Total collective accommodation establishments,551_553,'Hotels and similar accommodation, holiday and other short-stay accommodation, camping grounds, recreational vehicle parks and trailer parks',ITG2,Sardegna,2024,1220466
A,Annual,IT,Italy,AR,Arrivals,N,Raw data,ALL,Total collective accommodation establishments,551_553,'Hotels and similar accommodation, holiday and other short-stay accommodation, camping grounds, recreational vehicle parks and trailer parks',ITNI,Region not specified,2011,173918
A,Annual,IT,Italy,AR,Arrivals,N,Raw data,ALL,Total collective accommodation establishments,551_553,'Hotels and similar accommodation, holiday and other short-stay accommodation, camping grounds, recreational vehicle parks and trailer parks',ITNI,Region not specified,2012,164572
A,Annual,IT,Italy,AR,Arrivals,N,Raw data,ALL,Total collective accommodation establishments,551_553,'Hotels and similar accommodation, holiday and other short-stay accommodation, camping grounds, recreational vehicle parks and trailer parks',ITNI,Region not specified,2013,104943
A,Annual,IT,Italy,AR,Arrivals,N,Raw data,ALL,Total collective accommodation establishments,551_553,'Hotels and similar accommodation, holiday and other short-stay accommodation, camping grounds, recreational vehicle parks and trailer parks',ITNI,Region not specified,2014,106225
A,Annual,IT,Italy,AR,Arrivals,N,Raw data,ALL,Total collective accommodation establishments,551_553,'Hotels and similar accommodation, holiday and other short-stay accommodation, camping grounds, recreational vehicle parks and trailer parks',ITNI,Region not specified,2015,76851
A,Annual,IT,Italy,AR,Arrivals,N,Raw data,ALL,Total collective accommodation establishments,551_553,'Hotels and similar accommodation, holiday and other short-stay accommodation, camping grounds, recreational vehicle parks and trailer parks',ITNI,Region not specified,2016,77734
A,Annual,IT,Italy,AR,Arrivals,N,Raw data,ALL,Total collective accommodation establishments,551_553,'Hotels and similar accommodation, holiday and other short-stay accommodation, camping grounds, recreational vehicle parks and trailer parks',ITNI,Region not specified,2017,87759
A,Annual,IT,Italy,AR,Arrivals,N,Raw data,ALL,Total collective accommodation establishments,551_553,'Hotels and similar accommodation, holiday and other short-stay accommodation, camping grounds, recreational vehicle parks and trailer parks',ITNI,Region not specified,2018,120525
A,Annual,IT,Italy,AR,Arrivals,N,Raw data,ALL,Total collective accommodation establishments,551_553,'Hotels and similar accommodation, holiday and other short-stay accommodation, camping grounds, recreational vehicle parks and trailer parks',ITNI,Region not specified,2019,101873
A,Annual,IT,Italy,AR,Arrivals,N,Raw data,ALL,Total collective accommodation establishments,551_553,'Hotels and similar accommodation, holiday and other short-stay accommodation, camping grounds, recreational vehicle parks and trailer parks',ITNI,Region not specified,2020,38032
A,Annual,IT,Italy,AR,Arrivals,N,Raw data,ALL,Total collective accommodation establishments,551_553,'Hotels and similar accommodation, holiday and other short-stay accommodation, camping grounds, recreational vehicle parks and trailer parks',ITNI,Region not specified,2021,33206
A,Annual,IT,Italy,AR,Arrivals,N,Raw data,ALL,Total collective accommodation establishments,551_553,'Hotels and similar accommodation, holiday and other short-stay accommodation, camping grounds, recreational vehicle parks and trailer parks',ITNI,Region not specified,2022,39610
A,Annual,IT,Italy,AR,Arrivals,N,Raw data,ALL,Total collective accommodation establishments,551_553,'Hotels and similar accommodation, holiday and other short-stay accommodation, camping grounds, recreational vehicle parks and trailer parks',ITNI,Region not specified,2023,47771
A,Annual,IT,Italy,AR,Arrivals,N,Raw data,ALL,Total collective accommodation establishments,551_553,'Hotels and similar accommodation, holiday and other short-stay accommodation, camping grounds, recreational vehicle parks and trailer parks',ITNI,Region not specified,2024,61989